"date","Emp","EmpEnd","EmpS","EmpTotal","EmpSpv","HirA","HirN","HirR","Sep","HirAEnd","SepBeg","HirAEndRepl","HirAEndR","SepBegR","HirAEndReplR","HirAS","HirNS","SepS","SepSnx","TurnOvrS","FrmJbGn","FrmJbLs","FrmJbC","FrmJbGnS","FrmJbLsS","FrmJbCS","EarnS","EarnBeg","EarnHirAS","EarnHirNS","EarnSepS","Payroll","sEmp","sEmpEnd","sEmpS","sEmpTotal","sEmpSpv","sHirA","sHirN","sHirR","sSep","sHirAEnd","sSepBeg","sHirAEndRepl","sHirAEndR","sSepBegR","sHirAEndReplR","sHirAS","sHirNS","sSepS","sSepSnx","sTurnOvrS","sFrmJbGn","sFrmJbLs","sFrmJbC","sFrmJbGnS","sFrmJbLsS","sFrmJbCS","sEarnS","sEarnBeg","sEarnHirAS","sEarnHirNS","sEarnSepS","sPayroll"
"1993-01-01",NA,90794724.4957224,NA,111183696.466418,NA,NA,NA,NA,20498595.2838934,NA,NA,NA,NA,NA,NA,NA,NA,NA,NA,NA,NA,NA,NA,NA,NA,NA,NA,NA,NA,NA,NA,NA,-1,6,-1,6,-1,-1,-1,-1,6,-1,-1,-1,-1,-1,-1,-1,-1,-1,-1,-1,-1,-1,-1,-1,-1,-1,-1,-1,-1,-1,-1,5
"1993-04-01",87322407.0637411,91357579.7405946,75048868.8555709,112471691.527082,NA,20877297.9622177,NA,NA,21040780.9257995,16288313.9768683,12455107.4449533,11011241.2668386,0.183321883193812,0.13864652681569,0.121312114469696,NA,NA,NA,7990239.43014045,NA,5375114.61733617,4921942,3747144.13724953,NA,NA,NA,2154.03150225806,1954.86032859308,NA,NA,1366.42985912091,NA,6,6,6,6,-1,6,-1,-1,6,6,6,6,6,6,6,-1,-1,-1,6,-1,6,6,6,-1,-1,-1,6,6,-1,-1,6,5
"1993-07-01",91242224.337583,92171908.328235,78140461.9347369,114168362.552988,77546224.4972285,22369146.9316781,NA,NA,21640641.2895716,13996647.2541627,12933219.3470578,7948655.47343259,0.152279357613747,0.141751015246644,0.0871810491988815,8574251.78913825,NA,7967454.81233838,8195181.60676259,0.108856978328875,5968969.57535969,5348042,841135.390140454,4343315.28881475,3695240.92321253,558986.034948593,2170.49634064076,1967.48251881573,1300.00482625897,NA,1373.85800970616,NA,6,6,6,6,6,6,-1,-1,6,6,6,6,6,6,6,6,-1,6,6,6,6,6,6,6,6,6,6,6,6,-1,6,5
"1993-10-01",92277303.5708847,92760534.2521224,78619386.2121493,115421776.98936,78133718.4158811,22963260.8456603,NA,NA,22114756.3035487,14118333.2984474,13281750.8253607,8237228.87865703,0.150727454413136,0.143927569733175,0.0886177737688325,8944803.54417797,NA,8310314.71980055,8317513.40302443,0.109252054967873,5838243.75538635,6456505,737050.539388208,4489222.59469486,3840594.43760002,573673.142980576,2207.26290894711,1996.60411089926,1326.4297978881,NA,1383.62649325352,NA,6,6,6,6,6,6,-1,-1,6,6,6,6,6,6,6,6,-1,6,6,6,6,6,6,6,6,6,6,6,6,-1,6,5
"1994-01-01",92662630.0090614,93442253.7496815,79132080.0832666,115656216.91066,78573514.005096,23579814.2827826,19301799.0950985,4450770.17655914,22652136.7018041,14168302.0325829,13587509.2142539,8297008.86121306,0.153270871502199,0.145972260127637,0.0889391573426889,8830360.39458446,NA,8286316.72904178,8517949.38824329,0.110059667944585,5895786.44146072,4488339,832457.092438743,4345773.49612273,3803614.42756848,470643.743581599,2234.5399035609,2017.8086541641,1333.47795499289,NA,1395.85370301532,NA,6,6,6,6,6,6,6,6,6,6,6,6,6,6,6,6,-1,6,6,6,6,6,6,6,6,6,6,6,6,-1,6,5
"1994-04-01",93292948.2008976,94228160.9503368,79523193.6796732,117357755.262171,79065701.8687631,24132295.2358154,20439253.3229946,3201973.62324943,23132323.163465,14762352.2428022,13927088.2954709,8684673.21504833,0.157437020646034,0.147763075509006,0.0917454288468659,8915978.48523954,7686316.55089345,8561767.57132067,8691658.10163174,0.110615290891114,6148246.84998077,4440796,785859.06310263,4278538.52241578,3940584.56926472,492328.733947613,2244.87906292874,2024.47355450531,1336.47369047586,1123.73279657134,1398.94953246449,NA,6,6,6,6,6,6,6,6,6,6,6,6,6,6,6,6,6,6,6,6,6,6,6,6,6,6,6,6,6,6,6,5
"1994-07-01",94109385.3332795,94882003.8664633,79955511.4835857,119037128.033672,79510911.8362017,24550018.3365907,21586445.6276849,3137067.10114985,23510424.9063854,15060562.1721506,14048612.3878605,8951468.90062775,0.159348802106018,0.148265441374942,0.0943225153137478,9128018.37538117,7795534.34489834,8702080.55528479,8700604.17976918,0.111377239407289,6072492.81375913,5588171,770959.228575893,4382487.38769005,3931740.28305954,583925.578971231,2278.70151766744,2051.70262493871,1346.47469065775,1289.45911335627,1405.55025360353,NA,6,6,6,6,6,6,6,6,6,6,6,6,6,6,6,6,6,6,6,6,6,6,6,6,6,6,6,6,6,6,6,5
"1994-10-01",94980547.2347997,95690657.2866444,80639414.7957814,119462926.523981,79966064.8065725,24672085.4488062,21916116.1119784,3181603.28829707,23913809.9708657,15230783.5733558,14321567.6664098,9039883.60832704,0.158700315181973,0.149856249060203,0.0946358188723913,9311204.5503284,8011953.25949795,8700426.80256747,8826358.77708948,0.112774509679921,6064663.1921565,6476920,876340.164884934,4502363.50095449,3850613.97202823,538961.261017001,2292.97723739732,2062.90336898248,1363.22194276763,1353.14456237401,1444.08681448815,NA,6,6,6,6,6,6,6,6,6,6,6,6,6,6,6,6,6,6,6,6,6,6,6,6,6,6,6,6,6,6,6,5
"1995-01-01",95896963.2678219,96548509.9316879,81253203.8187497,120665842.512386,80718107.5807043,24815303.8303742,20890993.3474276,3790605.05104818,24069291.7403046,14867459.8146501,14485482.6895412,8847389.63178976,0.155843552734105,0.150536717157574,0.0926923274465982,9454179.59026407,8176241.4761804,8769421.22962009,8924471.95279087,0.112110578522606,6119104.06755563,4859542,699539.638342909,4594155.43394073,3947174.27005183,646179.564499675,2302.03973135776,2072.30113826539,1376.09307555279,1325.04567915779,1441.69502195588,NA,6,6,6,6,6,6,6,6,6,6,6,6,6,6,6,6,6,6,6,6,6,6,6,6,6,6,6,6,6,6,6,5
"1995-04-01",96263991.3656084,97087274.0660637,81760889.2723299,121266695.011685,81159502.6547234,25046985.648937,20258177.5647119,4340332.47099884,24236783.811224,15376204.9455673,14589458.2497964,9188807.00991756,0.158730687970844,0.150612102332235,0.0946612719351472,9276798.23450653,8026577.75418246,8681452.35841952,8913705.44129886,0.111051285888899,6232690.1798101,4622658,737992.215899373,4406839.65475372,3838375.63944813,609407.121529633,2349.03255242813,2114.1532106096,1388.63615723223,1239.99745754763,1477.0618971393,NA,6,6,6,6,6,6,6,6,6,6,6,6,6,6,6,6,6,6,6,6,6,6,6,6,6,6,6,6,6,6,6,5
"1995-07-01",96835496.0423052,97543181.4336631,82180073.0890528,121909948.55487,81562335.6548641,25182132.7880043,19720611.4536288,5573328.42677016,24484272.0029774,15679716.136733,14762411.5131361,9454999.83161996,0.160978193199036,0.151708726513471,0.0972404572632592,9389976.32267478,8245346.54080581,9076319.32771918,8930540.16746962,0.111755779519821,6106810.17744923,5671447,786021.406742398,4419225.87072835,4017834.33232654,494418.274924722,2377.43337081396,2136.54510630987,1438.34066406808,1249.25795204442,1499.3518697699,NA,6,6,6,6,6,6,6,6,6,6,6,6,6,6,6,6,6,6,6,6,6,6,6,6,6,6,6,6,6,6,6,5
"1995-10-01",97581580.2919981,98216881.3659249,82833254.261818,122556246.874345,82207666.8966433,25172300.258148,20031394.9844899,5449405.05948098,24412455.9395244,15562515.0100246,14770653.564576,9416536.63227308,0.158395201062075,0.150933300591302,0.0967150729141503,9484501.03189789,8292092.11421052,8961080.13414657,9025235.29145739,0.112179401548265,6032601.34209311,6527248,721495.637720866,4481581.20429479,3918253.19005063,592703.79300293,2384.38875536636,2145.50258855213,1438.29868426919,1237.77309164645,1493.71577602832,NA,6,6,6,6,6,6,6,6,6,6,6,6,6,6,6,6,6,6,6,6,6,6,6,6,6,6,6,6,6,6,6,5
"1996-01-01",97983596.1407841,98627301.5573284,83200768.4759593,122961383.198394,82649238.7680006,24971700.3354451,21285668.3630631,3786884.73696577,24318570.4524929,15233194.5685358,14749024.9958388,9177513.51462962,0.155800072175366,0.150088385734592,0.0940171915205744,9603286.1040358,8453826.2693576,8969594.27235319,9124059.62438637,0.112177013583975,6143505.4778831,4951111,700451.365097294,4443642.22428095,3959868.84635345,538634.671066104,2405.12497085403,2163.32581491698,1448.56039554183,1284.45673830062,1502.84798649315,NA,6,6,6,6,6,6,6,6,6,6,6,6,6,6,6,6,6,6,6,6,6,6,6,6,6,6,6,6,6,6,6,5
"1996-04-01",98410955.4885855,99306413.0452438,83629239.5442373,123681106.383994,83109826.8182904,25220718.7361993,21387907.2340523,3749617.21536316,24471134.4663376,15709091.380739,14870470.4990368,9465352.78058008,0.159111787666478,0.150591633994086,0.0947057735642079,9672911.45256894,8326892.71135872,9108719.10286896,9200716.82627238,0.112698831114747,6280326.60587744,4656903,775795.224708471,4535319.50755127,3978416.87337517,541685.894541239,2438.5789906128,2194.63590408832,1487.43601640802,1368.75425111356,1534.446261466,NA,6,6,6,6,6,6,6,6,6,6,6,6,6,6,6,6,6,6,6,6,6,6,6,6,6,6,6,6,6,6,6,5
"1996-07-01",99281472.0791236,99920750.5509196,84316865.3662226,124460429.413051,83750536.2614923,25021192.3558443,21165177.9398183,3752021.67079398,24565544.1745658,15558391.2612075,14972388.2925541,9420359.82996524,0.156377997087043,0.150317502575508,0.0936717106346079,9752360.84190518,8508190.81053125,9088447.2128296,9302628.67696129,0.112963447418686,6151118.952605,5770765,755006.59671675,4628891.21033497,3956887.65805711,562887.579112789,2473.38310177961,2226.97597375275,1518.57713012714,1415.83958945251,1567.44237502978,NA,6,6,6,6,6,6,6,6,6,6,6,6,6,6,6,6,6,6,6,6,6,6,6,6,6,6,6,6,6,6,6,5
"1996-10-01",99720520.9855084,100524284.780471,84649818.3177124,125280563.77865,84166530.0684167,25439072.4836762,21646501.3949247,3790271.18927225,24835254.2901492,15864523.4251764,15122742.8143715,9489191.99479115,0.157888901035296,0.150762525570905,0.0947399316571727,9802650.95584367,8595290.43427562,9208319.05217659,9397040.06775919,0.11324415281584,6370199.19416131,6686051,779516.156508259,4589766.75123929,4019463.56330198,501371.67408356,2505.75794335181,2254.61667772338,1522.69643370539,1428.00075916695,1590.14491837687,NA,6,6,6,6,6,6,6,6,6,6,6,6,6,6,6,6,6,6,6,6,6,6,6,6,6,6,6,6,6,6,6,5
"1997-01-01",100639803.419234,101451612.402438,85404288.423928,126579312.668837,84756409.1256743,26154118.3864432,22454644.6514488,3731533.64896137,25153195.9274799,16101886.0332488,15342261.8754384,9656336.6380552,0.159637355900368,0.150989584561473,0.0977762993680351,9949195.31162395,8696424.28831608,9492283.02062162,9484733.52668325,0.114028763996432,6408455.55173133,5005042,877945.010834389,4637122.60305416,4103627.82482998,572910.668014712,2544.79410287742,2291.78508744541,1569.34243666311,1473.61170983106,1611.60296467023,NA,6,6,6,6,6,6,6,6,6,6,6,6,6,6,6,6,6,6,6,6,6,6,6,6,6,6,6,6,6,6,6,5
"1997-04-01",101515750.406087,102477963.921006,86011629.3481432,127741588.345532,85298956.7691932,26203545.6653594,22548151.1823127,3770171.12740281,25216561.852129,16388457.6850071,15352012.050199,9938579.9227375,0.160640140734489,0.150834530927424,0.0966611349703111,10152226.5912122,8872698.09997467,9441865.75925062,9581878.62346402,0.114846944559475,6488735.51956343,4747404,861249.036144339,4809348.87735314,4071208.93106934,703113.073527025,2577.15205275658,2319.17204596574,1604.3233523028,1537.15860972599,1637.31852841702,NA,6,6,6,6,6,6,6,6,6,6,6,6,6,6,6,6,6,6,6,6,6,6,6,6,6,6,6,6,6,6,6,5
"1997-07-01",101933165.556788,102737608.14962,86399028.8469269,128227500.459634,85821393.7310375,26208135.343653,22233473.566208,3838004.65774709,25529252.0945388,16250255.8755481,15528819.3272209,9842252.79879409,0.158938071551217,0.151631289322043,0.0946687222681344,10264957.7659504,8955828.98771846,9474307.42131376,9615404.238951,0.114692402949453,6426647.37033872,5872773,759516.392248021,4826773.56218989,4044067.0364416,683780.911794153,2617.44429845065,2354.88961765139,1622.37884920125,1551.70238723332,1678.14059247328,NA,6,6,6,6,6,6,6,6,6,6,6,6,6,6,6,6,6,6,6,6,6,6,6,6,6,6,6,6,6,6,6,5
"1997-10-01",102784321.550586,103671754.432168,87186376.1758083,129178970.033387,86538226.2033177,26292021.6587494,22428744.9371989,3821789.18897937,25701556.8163209,16500297.9680817,15639168.6058891,9964924.05218216,0.159539070528009,0.152193961549031,0.0967849893504122,10326912.8364013,9041865.91692962,9564216.93910912,9688955.22403728,0.114733556242383,6526075.80447266,6763758,680439.496156548,4804271.30451096,4088583.5802462,718297.331506325,2654.79312139374,2388.10724140016,1664.57279324506,1584.53009338157,1695.54131994633,NA,6,6,6,6,6,6,6,6,6,6,6,6,6,6,6,6,6,6,6,6,6,6,6,6,6,6,6,6,6,6,6,5
"1998-01-01",102868165.138078,104383187.625027,87496675.0590281,129926669.080653,87148632.8140258,26198769.4288754,22277353.4372957,3840272.37206134,25621420.341091,16982808.5310076,15666703.9003618,10572267.3169158,0.16392877000761,0.149627549340976,0.104497681750433,10274343.9417034,9029581.80064057,9523619.14745175,9846770.21084215,0.115329628152007,6365528.20082762,5276850,1626318.10987616,4824867.94054709,3978764.95147908,682413.064566579,2671.71110395126,2406.89939452406,1682.06702962673,1593.10316250798,1723.48503532962,NA,6,6,6,6,6,6,6,6,6,6,6,6,6,6,6,6,6,6,6,6,6,6,6,6,6,6,6,6,6,6,6,5
"1998-04-01",104482163.524494,104931212.92961,88223161.0210288,131267696.597428,87848208.3049015,26786530.3177906,21002684.799525,5742269.91192989,26252099.5709536,16626171.6989954,16013628.220537,10271561.5946777,0.158258753080929,0.153639042559007,0.0967081432371815,10268469.2094625,9033344.56678633,9880049.84743631,9965737.77191338,0.115679511907675,6398435.40082712,5182867,511436.327567159,4737140.18365321,4313442.29859403,529821.152013825,2727.1173926543,2456.37496270613,1707.74826504673,1490.54484034688,1775.95636008321,NA,6,6,6,6,6,6,6,6,6,6,6,6,6,6,6,6,6,6,6,6,6,6,6,6,6,6,6,6,6,6,6,5
"1998-07-01",104922093.714812,105572246.832146,88765284.3071525,132051670.987063,88236373.0137988,27081461.3345543,19627279.9804073,7413104.25547554,26535806.8527478,16718084.780386,16042951.4952157,10314065.5747262,0.158270827889732,0.153516639482343,0.0965383060876291,10614194.1140261,9440439.94996785,9925208.96824594,10027835.9194415,0.115934911140233,6430825.32326797,6034153,512140.374441233,4895639.45571193,4229859.14619043,595296.859093076,2740.84305965036,2468.78866392466,1722.60977556899,1434.94095533598,1798.93137200419,NA,6,6,6,6,6,6,6,6,6,6,6,6,6,6,6,6,6,6,6,6,6,6,6,6,6,6,6,6,6,6,6,5
"1998-10-01",105364174.954834,105990837.472396,89132872.9886372,132957310.241106,88748689.2750289,27421728.0779223,21484485.8379177,5881533.14702534,26506025.3503052,16880092.8666068,16150197.8454644,10418502.4453146,0.160152544001488,0.153412579312544,0.0988293988423604,10528580.9606379,9389078.52508666,10013423.0100392,10048676.2855811,0.115129789720824,6459021.42549891,7007660,589391.917951629,4759476.73828485,4291867.26843486,524353.054841487,2781.65788276827,2506.39764565466,1750.94853494333,1416.9180201558,1826.67999742835,NA,6,6,6,6,6,6,6,6,6,6,6,6,6,6,6,6,6,6,6,6,6,6,6,6,6,6,6,6,6,6,6,5
"1999-01-01",105937922.020204,106814193.047858,89918217.4436456,133348715.451913,89224272.8460424,27487621.3343246,22943259.2655937,4517220.09206438,26957971.1998214,16948898.2167132,16308088.300309,10260965.3208879,0.159575437393349,0.152612588770785,0.0987322870125639,10691160.8754073,9448705.48169512,10039064.9431563,10160463.2478547,0.115424350817597,6617346.18866896,5159795,709507.507489248,5021903.89983831,4260482.3004938,594409.525721293,2804.47029277846,2530.22019313556,1767.8076270265,1507.43795346806,1855.24034540279,NA,6,6,6,6,6,6,6,6,6,6,6,6,6,6,6,6,6,6,6,6,6,6,6,6,6,6,6,6,6,6,6,5
"1999-04-01",106799561.144192,107365221.771765,90249994.8640976,134348035.361972,89766637.783259,27588566.5902786,22767526.7150414,4544992.26147528,26923735.5956165,17082286.5891136,16372301.7151603,10603761.6166292,0.158739094240559,0.153262178539465,0.0977107205152266,10686269.4658635,9330893.99228569,10182226.2904161,10315073.0194338,0.116179966327892,6527186.26306219,5193038,689916.829782005,4979061.62961223,4423083.7743271,530470.356084271,2835.5181407086,2556.65362898518,1795.98944761895,1610.14832149338,1879.83672616764,NA,6,6,6,6,6,6,6,6,6,6,6,6,6,6,6,6,6,6,6,6,6,6,6,6,6,6,6,6,6,6,6,5
"1999-07-01",107394546.239181,108105442.827555,90702392.510151,135309919.094372,90272556.7620408,27897493.879272,24139175.0425554,3892130.74752909,26946684.0227201,17269659.6189286,16504157.9894763,10726265.079137,0.160428339114147,0.153190704621033,0.0975130831723021,10729219.7206405,9368343.71854612,10210632.0755019,10480542.9546935,0.116613771615421,6582392.00496444,6128171,718500.483438205,4863075.04348198,4375367.00746929,542139.29482236,2852.23075601295,2573.48231946941,1777.8444210824,1671.61994487681,1903.75349140136,NA,6,6,6,6,6,6,6,6,6,6,6,6,6,6,6,6,6,6,6,6,6,6,6,6,6,6,6,6,6,6,6,5
"1999-10-01",108131476.80761,108793158.741738,91193498.8586015,136761573.865384,90744159.6396796,28526306.45088,24974021.4363025,3886188.51775276,27522838.1006482,17546417.2140022,16785953.597578,10894032.2880869,0.161814778863839,0.154358682598178,0.100882395740498,10857562.2897511,9401553.55581854,10373754.6887481,10634760.0348144,0.117533895002033,6657622.37493512,7118505,698614.433597589,4883956.31501051,4464770.70908917,579264.138336004,2924.5991109819,2635.41541845052,1829.4081952565,1739.61183266368,1948.49039197178,NA,6,6,6,6,6,6,6,6,6,6,6,6,6,6,6,6,6,6,6,6,6,6,6,6,6,6,6,6,6,6,6,5
"2000-01-01",108654311.061335,109439543.299471,91548170.4661027,137840682.301496,91100079.3050449,28873584.2171723,24843944.4996029,3928421.60906735,28057174.3096622,17850300.9909716,17100762.0482644,11070711.5696232,0.163743242324101,0.156513016869715,0.103708099435045,11111521.1426367,9669965.02615019,10675859.0686309,10648662.8835593,0.118955696292627,6812486.74187671,5442919,695342.91005517,4906472.69312183,4541458.82705323,527445.148721761,2992.10908181294,2691.62577258577,1892.08187608097,1865.21301870062,2015.10220287846,NA,6,6,6,6,6,6,6,6,6,6,6,6,6,6,6,6,6,6,6,6,6,6,6,6,6,6,6,6,6,6,6,5
"2000-04-01",109439963.522774,109803569.781621,92136429.5653253,138104557.801488,91524285.1779078,28735947.7596959,24348118.2847972,3998962.53663483,28191614.0194327,17780448.6530486,17266909.5826871,11256763.8414177,0.162023211155063,0.156920186289107,0.101580897212661,11220835.9459478,9841193.98814941,10462903.4368536,10596838.0171871,0.118474956669559,6573510.65628782,5421751,540063.697036935,5131282.27062828,4344301.57948478,531125.113778612,3041.40580290605,2737.98785869265,1934.57141880834,1838.46980990277,2040.27304807445,NA,6,6,6,6,6,6,6,6,6,6,6,6,6,6,6,6,6,6,6,6,6,6,6,6,6,6,6,6,6,6,6,5
"2000-07-01",109895975.255474,110287379.180586,92660415.3723063,138133715.87379,92141784.980922,28583141.1648688,22213934.0127794,6869105.26544239,28206110.30618,17779277.8449072,17291612.2428886,11124243.756861,0.160735172034685,0.156597521640113,0.0995537928742593,10971997.774934,9772167.18909359,10685800.3075766,10583745.8767578,0.116495242873236,6589109.23251032,6465258,435328.406268883,4852265.36949452,4534318.07208071,440461.424750607,3128.5192154406,2819.37866187221,2021.0288202331,1748.37464203295,2111.62481775965,NA,6,6,6,6,6,6,6,6,6,6,6,6,6,6,6,6,6,6,6,6,6,6,6,6,6,6,6,6,6,6,6,5
"2000-10-01",110181842.263223,110437211.666475,93122300.9360602,137977059.550091,92620765.4707746,28097608.2550894,21812714.5843099,6826537.99376613,27950086.7942079,17405452.4620209,17222119.6417492,10868495.1664762,0.157778468734635,0.155603712196682,0.0996619050746462,10887515.8906077,9471479.28581948,10573361.5282878,10633744.1862901,0.115691822887292,6430473.87069077,7287510,164127.263721666,4890515.43939283,4594573.57715295,453069.987887112,3144.93088212946,2842.10643218196,2039.26004466986,1730.95376201953,2122.4265922558,NA,6,6,6,6,6,6,6,6,6,6,6,6,6,6,6,6,6,6,6,6,6,6,6,6,6,6,6,6,6,6,6,5
"2001-01-01",110370065.042157,110060429.782939,93364964.5827626,137563031.777961,93111268.4638781,26816081.6751215,22167017.1343324,4295271.57748267,27388756.9961908,16495610.7025724,17024210.9842615,10274691.9092546,0.150106809982747,0.154444613635919,0.0955354791522211,10848018.6205754,9590684.75226749,10612251.1056215,10573083.8523526,0.114508707964114,6244225.90391947,5977117,-354285.689485302,4971531.13420186,4684694.514297,385975.93226664,3173.89813643371,2864.4822189777,2049.72428687999,1700.96879573168,2148.87221271339,NA,6,6,6,6,6,6,6,6,6,6,6,6,6,6,6,6,6,6,6,6,6,6,6,6,6,6,6,6,6,6,6,5
"2001-04-01",110053545.058274,109347460.035929,93321208.536315,136083666.505762,93376577.4104513,26072556.282935,21566072.2455941,4206606.50538866,26678822.6428223,16021098.8698008,16671452.3874836,10059536.9780098,0.145245575648996,0.151767163654493,0.0910707951675191,10720307.1447799,9314837.06603322,10599932.1471919,10380684.4161557,0.11239102264101,6002607.45238929,5939688,-553747.080230047,4831978.61779973,4680449.72418706,-220428.548661407,3159.79947147802,2860.02100913494,2042.22217413861,1887.99883040897,2155.35394418632,NA,6,6,6,6,6,6,6,6,6,6,6,6,6,6,6,6,6,6,6,6,6,6,6,6,6,6,6,6,6,6,6,5
"2001-07-01",109430635.549266,108619323.368286,93102780.0188858,134351417.326977,93287784.7966176,25176369.4840453,21336260.6878161,4243286.45163955,25885280.3569843,15623916.6001506,16297305.2808426,9762723.52757319,0.142945138399072,0.149328344773702,0.088748930553293,10060053.5399347,8682996.47772818,10507489.9638165,10171455.3235527,0.109261318937456,5794507.05335101,6872542,-728804.616691108,4512843.19386169,4927797.19822362,-258663.034331929,3161.13758981201,2866.9799960545,1990.89523309547,1844.53530497332,2158.12554722258,NA,6,6,6,6,6,6,6,6,6,6,6,6,6,6,6,6,6,6,6,6,6,6,6,6,6,6,6,6,6,6,6,5
"2001-10-01",108496656.030491,107652576.608444,92777783.5272603,132359644.375944,93065343.2210231,23858894.9121047,19858341.8673608,4221528.49759621,24963963.6074245,14822704.5174518,15810815.2267782,9148885.20442261,0.137326328679847,0.146185334519568,0.0840003183556248,9881555.83797677,8461038.67860655,10089208.8978942,9917575.2924139,0.105835330121165,5681727.92651068,7579541,-658729.877987208,4565432.52435343,4791460.67050583,-307753.297158615,3143.25441952596,2858.51281379941,1959.8664283237,1866.26745072128,2133.15713306346,NA,6,6,6,6,6,6,6,6,6,6,6,6,6,6,6,6,6,6,6,6,6,6,6,6,6,6,6,6,6,6,6,5
"2002-01-01",107609678.858557,107414093.81392,92469479.3871213,131710204.661674,92797116.2796682,24212076.3515105,20526660.7512419,3442551.6515139,24344913.7516517,15194335.6721263,15361826.8265066,9177041.59504333,0.141280002261853,0.142500906786167,0.0860912884167304,9411568.63539387,8002232.17919894,10080325.05636,9669798.02590352,0.103504532142586,5939894.54198629,5585832,-303049.350641805,4266241.97794951,4908800.84937018,-225535.961302536,3175.88299355162,2895.10585951596,1955.5839939522,1869.02680145278,2134.0743942768,NA,6,6,6,6,6,6,6,6,6,6,6,6,6,6,6,6,6,6,6,6,6,6,6,6,6,6,6,6,6,6,6,5
"2002-04-01",107442748.874979,107416506.319417,92447432.6904133,131292930.291667,92414756.7036679,23835925.8625071,20259395.8391958,3411326.95116585,23966999.9966234,15002026.5610527,15146216.7351061,9177513.05205262,0.13933575819233,0.140456266025309,0.0853467484142561,9732906.59350686,8274455.40798202,9580069.98797551,9550521.38971922,0.103527758200637,5858243.00438088,5160227,-151272.682402444,4531805.97234138,4378197.07279493,-82691.6074481923,3183.53280729617,2900.75645211211,1954.79790096135,1886.84989250753,2098.92616448733,NA,6,6,6,6,6,6,6,6,6,6,6,6,6,6,6,6,6,6,6,6,6,6,6,6,6,6,6,6,6,6,6,5
"2002-07-01",107452574.59431,107457321.889533,92469369.0583434,131057290.759931,92454172.3513731,23464705.2557819,20229203.3197914,3404979.51821426,23587459.7458704,14816805.2476127,14937150.1506407,8965941.71492294,0.13789691899813,0.138927696197416,0.0834889248837136,9671108.14429837,8178451.35070252,9458907.02148417,9501943.40869803,0.104095630188257,5889368.90434803,6122490,-65665.5062144584,4512562.04180938,4309659.20929093,21254.015487069,3187.43164303186,2904.11083085249,1961.91352848457,1938.87126014511,2100.43010947896,NA,6,6,6,6,6,6,6,6,6,6,6,6,6,6,6,6,6,6,6,6,6,6,6,6,6,6,6,6,6,6,6,5
"2002-10-01",107371301.504403,107276251.892301,92516484.0699746,130392261.286123,92443008.9787214,22995668.8294848,19781863.4464461,3386417.15571726,23228503.192249,14646893.9533636,14782266.7934385,8808451.5655994,0.13691030652553,0.138053093970955,0.0818532978388838,9657510.68700073,8165661.55207515,9489191.03581143,9408424.71960318,0.102857919528697,5844515.53328642,6965035,-113529.603998736,4557778.072471,4401680.1836429,64381.3222568897,3195.23102093804,2913.24605894814,1956.77845161303,1925.19659007505,2081.14742194279,NA,6,6,6,6,6,6,6,6,6,6,6,6,6,6,6,6,6,6,6,6,6,6,6,6,6,6,6,6,6,6,6,5
"2003-01-01",107279862.124323,106838638.166712,92573578.5571918,129970142.657727,92495886.4168618,22821482.0887663,19322921.9460733,3372824.85917601,22962183.5128357,14388143.452304,14629567.8237705,8788994.43171091,0.13434817551766,0.137544923686148,0.0826631085102505,9367737.05802431,7974762.31091618,9599803.23901643,9280336.97968853,0.10045938575854,5541138.93195497,5454424,-186995.728427481,4281966.47952453,4460336.74138301,41726.5653063217,3202.84746688908,2922.11340999551,1968.6989911019,1938.10610717287,2070.40478097317,NA,6,6,6,6,6,6,6,6,6,6,6,6,6,6,6,6,6,6,6,6,6,6,6,6,6,6,6,6,6,6,6,5
"2003-04-01",106822391.935748,106690687.114154,92591875.9165166,128950709.409931,92583516.4414581,22100285.4063426,18513353.7452156,3390096.30147319,22400254.3104148,14066131.3702965,14313701.2951947,8461307.40694195,0.132482723278571,0.132966749123577,0.0796237731049533,9325912.9988852,8013951.2275114,9199910.40046383,9218038.57824925,0.0996458016112786,5630130.01674443,5071795,-138536.951797203,4348857.14025525,4245828.1080071,12940.4643093899,3242.46535410424,2964.01435996987,1983.35884180887,1887.68237589463,2126.60696667864,NA,6,6,6,6,6,6,6,6,6,6,6,6,6,6,6,6,6,6,6,6,6,6,6,6,6,6,6,6,6,6,6,5
"2003-07-01",106721462.937771,107019072.820787,92621583.085401,129163672.550109,92587269.5440361,22326094.8168002,19063830.693743,3355662.46919232,22503561.251234,14270571.3729618,14265229.7849601,8485372.8831723,0.134190295339901,0.132794829303559,0.0799838674389911,9254332.74359486,7850310.12573548,9120378.09815606,9237072.6812455,0.099911747291197,5817774.87722423,5745447,110538.311770777,4351199.00269498,4214936.95413651,31751.4176149571,3287.42593400369,3005.28599126412,1993.88911329476,1944.66208043931,2114.75826099152,NA,6,6,6,6,6,6,6,6,6,6,6,6,6,6,6,6,6,6,6,6,6,6,6,6,6,6,6,6,6,6,6,5
"2003-10-01",107008234.591447,107487056.969811,92811381.1141691,129900716.772903,92637110.9653797,22831876.7783223,19584383.6008546,3369574.43044055,22523790.1793403,14698305.3669179,14235197.4659052,8756239.8278302,0.136487393630643,0.13331475888827,0.0817997903023132,9364176.90711693,7959742.17936749,9216287.66091826,9281239.15144249,0.100185970868236,5953871.9392155,6462039,218597.847567767,4357091.75188324,4204978.14252826,164322.232733989,3305.73064577382,3018.52759691275,1992.02766078795,1970.21872845239,2140.01245614029,NA,6,6,6,6,6,6,6,6,6,6,6,6,6,6,6,6,6,6,6,6,6,6,6,6,6,6,6,6,6,6,6,5
"2004-01-01",107468761.346611,107932815.823923,92999836.2435588,130743927.041774,92778791.4782772,23117688.2511842,19790512.1438754,3349999.66099061,22456553.684653,14889423.3440534,14280226.8213657,8945044.14478036,0.137740939712133,0.133007518275484,0.0823822759436306,9607998.83335688,8205121.89917356,9241581.81313659,9287981.50496209,0.101106551952542,6009293.46008276,5030616,396045.158061175,4368131.50499208,4135163.23279578,326221.568803615,3301.51403456006,3017.39012932788,1968.295203658,1953.44037831558,2115.79105502776,NA,6,6,6,6,6,6,6,6,6,6,6,6,6,6,6,6,6,6,6,6,6,6,6,6,6,6,6,6,6,6,6,5
"2004-04-01",107922697.51313,108529951.95515,93399188.1800976,131515998.334255,93017240.463436,23555624.937012,20108697.2694126,3336156.86314144,22903561.6868743,15090405.8768267,14464082.4133884,9060303.6814083,0.13947717317791,0.133594660355281,0.0834875193709327,9779075.01147696,8479515.45414427,9258132.84406939,9385532.55238936,0.103030852540985,6047622.14353749,4748123,554228.039717546,4607375.71174241,4095310.75313886,454200.351881744,3359.12615889474,3064.83567946915,2103.57535325649,2021.72767927408,2147.54601849946,NA,6,6,6,6,6,6,6,6,6,6,6,6,6,6,6,6,6,6,6,6,6,6,6,6,6,6,6,6,6,6,6,5
"2004-07-01",108564267.510054,108973046.965388,93924918.7411179,131931437.310252,93397105.4841808,23284702.64803,19666441.475728,3697419.09241491,22736120.0408909,14928189.7594834,14498389.5761412,9077071.55236713,0.137360376180145,0.133853800148897,0.0835805171605528,9935135.70066298,8604446.37238516,9325095.84540004,9510343.69855876,0.10324398681121,5888369.03584829,5727453,444758.001510664,4644192.32536017,4040667.28400075,518861.632734788,3350.27879526056,3059.64861460721,2024.54440939005,1947.73274532599,2122.43075409774,NA,6,6,6,6,6,6,6,6,6,6,6,6,6,6,6,6,6,6,6,6,6,6,6,6,6,6,6,6,6,6,6,5
"2004-10-01",108911938.422003,109419538.775037,94060227.6226992,132850565.08643,93890835.0560019,23860446.4332518,20235199.5942981,3693302.59575055,23006849.8426958,15300272.5735224,14690703.640098,9379289.65365085,0.140199152867754,0.134397267574679,0.0859418167275473,9776976.95535113,8431682.40781232,9551984.26582216,9496669.80636214,0.102010548998111,5941612.54558998,6413749,568896.040145337,4401551.12476448,4192809.13914283,417115.533907924,3417.63233320172,3114.82158055768,2077.55892559365,1977.73630921037,2150.26602562668,NA,6,6,6,6,6,6,6,6,6,6,6,6,6,6,6,6,6,6,6,6,6,6,6,6,6,6,6,6,6,6,6,5
"2005-01-01",109366402.488682,110044904.798847,94668632.4735464,133095933.167364,94093558.7907738,23870643.1346063,20650747.959689,3122927.46686008,23450865.340067,15427804.0885312,14876564.0522243,9404349.07588558,0.140603699789297,0.13562738008473,0.0871578784956225,10001327.1423845,8656110.41029263,9454414.83666716,9659078.15352969,0.103711506718203,5958585.31205511,4763485,600349.655559871,4623980.49660882,3969180.07815504,422897.780088089,3482.14250188143,3168.0265028208,2124.48401110958,2065.0387762966,2220.32316767131,NA,6,6,6,6,6,6,6,6,6,6,6,6,6,6,6,6,6,6,6,6,6,6,6,6,6,6,6,6,6,6,6,5
"2005-04-01",110066774.647949,110612709.472847,94976274.913482,134262183.404351,94618953.2277072,24176396.8932274,20947971.3717108,3160494.04377511,23550129.834476,15642561.6052653,15026074.401527,9627888.77099527,0.141530672824941,0.136219825946525,0.0873515361689876,9976676.55796352,8699213.60993863,9670525.29625319,9804317.72082363,0.104437488287662,6028060.60647042,4770355,580092.507443444,4461817.21740389,4182843.73667801,329857.467386469,3502.59053915492,3186.65226360189,2110.23266955045,2061.33521000061,2209.40637763394,NA,6,6,6,6,6,6,6,6,6,6,6,6,6,6,6,6,6,6,6,6,6,6,6,6,6,6,6,6,6,6,6,5
"2005-07-01",110632130.66626,111135694.664845,95195184.6002239,135545602.743563,94984252.0721728,24851138.3961357,21750673.3929021,3153059.64397095,23962485.0324141,15948657.7304661,15248475.2832891,9898398.03484556,0.143389961280766,0.137309045457047,0.088062946599403,10110408.8467431,8776686.1325747,9910906.24267909,9787623.78680112,0.103810398792968,6091380.59216847,5854667,640340.536691979,4478906.42790267,4290412.38778519,400148.591457094,3563.34218627718,3236.49420489198,2155.0766010522,2127.67814595858,2249.02929152562,NA,6,6,6,6,6,6,6,6,6,6,6,6,6,6,6,6,6,6,6,6,6,6,6,6,6,6,6,6,6,6,6,5
"2005-10-01",111099647.674923,111716196.091645,95873943.1527908,135550727.740885,95185423.6179106,24729877.9409798,21748294.0997406,3169175.05207362,24235698.2538107,15941736.9440854,15394420.918696,9882413.01772168,0.143156485366465,0.137800128259236,0.0886956431030851,10301512.6409779,8983101.49323295,9702686.27050536,9917537.83215117,0.105267135169981,5968834.72464202,6335598,609947.445029091,4662212.97783571,4064592.69789087,499969.82291989,3614.69459414144,3285.21075869541,2177.70385383249,2178.26327653631,2274.76200633835,NA,6,6,6,6,6,6,6,6,6,6,6,6,6,6,6,6,6,6,6,6,6,6,6,6,6,6,6,6,6,6,6,5
"2006-01-01",111674042.704087,112334248.788675,96104754.443239,136967329.365407,95830096.7293459,25005464.3783528,21561143.405212,3193703.30398766,24435818.1482289,16050790.2838909,15545018.4346533,9972572.18752708,0.143531130963982,0.13865421264477,0.0898617851316037,10253450.1446989,8983164.20680258,9934622.61686484,9951430.93642418,0.105750363538104,6123634.21824978,4958850,523558.27379527,4557733.26833308,4198043.55016224,440045.771863881,3662.72137131069,3327.04091861294,2224.74177200224,2190.55687918173,2327.12610236825,NA,6,6,6,6,6,6,6,6,6,6,6,6,6,6,6,6,6,6,6,6,6,6,6,6,6,6,6,6,6,6,6,5
"2006-04-01",112345531.358583,112678212.871225,96639872.7184261,137313875.441742,96133724.7486177,24971623.3788211,21801674.6401386,3163001.12172523,24484044.8313704,16096993.9903773,15629451.8816416,10101637.2045903,0.14260024259266,0.138984763884772,0.0892970413473769,10523278.1495656,9273548.75538636,9957790.20739506,9897515.42799978,0.105318838007425,6007396.79563997,4933061,466765.308603816,4703784.83583424,4150989.70807286,458114.943984937,3680.56849220242,3342.21421321022,2231.19076945153,2165.66028984296,2336.27957089961,NA,6,6,6,6,6,6,6,6,6,6,6,6,6,6,6,6,6,6,6,6,6,6,6,6,6,6,6,6,6,6,6,5
"2006-07-01",112691595.230745,112903567.919858,97112152.1329909,137161393.019082,96639691.8177674,24774142.4605779,21768216.9270533,3193387.73080908,24543016.9030343,16022563.7838616,15658124.6997398,10039936.7926579,0.141652541525902,0.138674487812349,0.0880573732931797,10250335.8260727,8939088.81777629,10070043.5557424,9929706.56790955,0.104327269679872,5914151.3316466,5966476,457479.127883854,4496022.29301722,4256304.4523749,332711.525769348,3723.01250298676,3380.41694075153,2253.89681267154,2269.19871581381,2368.63107338701,NA,6,6,6,6,6,6,6,6,6,6,6,6,6,6,6,6,6,6,6,6,6,6,6,6,6,6,6,6,6,6,6,5
"2006-10-01",112883699.819399,113408426.761765,97476488.7554776,137337932.685643,97109374.9553048,24731558.1146283,21711479.3227396,3178541.0998291,24428743.3834758,15979576.2046106,15594345.3808001,9888286.66709215,0.140911745199008,0.13812598281178,0.0875752812597424,10196221.9304298,8849085.932439,9930423.39620594,10000063.1050554,0.10393661306235,5993403.63109254,6472254,359500.665196728,4515337.93240308,4234225.04734074,360608.731679675,3768.86847133838,3428.20299982632,2271.59086003004,2251.27947249294,2380.54287017728,NA,6,6,6,6,6,6,6,6,6,6,6,6,6,6,6,6,6,6,6,6,6,6,6,6,6,6,6,6,6,6,6,5
"2007-01-01",113380861.784686,113827904.396876,97829530.9757566,138262047.683483,97454704.0560664,24576889.8678657,21167101.4280382,3175076.93885646,24398569.0837903,15844437.2059945,15689158.0267253,9844387.7911757,0.139708838413503,0.137630191635763,0.0876414484427947,10326632.7230785,9002313.29434515,9994738.1337343,10024223.3173743,0.104137948941175,6056186.09352025,5127474,392318.192031376,4674526.85998124,4301714.50699367,313234.409643633,3816.37777629617,3474.77646609721,2272.31043728516,2287.32560656263,2425.95339384771,NA,6,6,6,6,6,6,6,6,6,6,6,6,6,6,6,6,6,6,6,6,6,6,6,6,6,6,6,6,6,6,6,5
"2007-04-01",113841497.637666,113989861.152378,98087803.0141815,138749086.001944,97858892.4540817,24941793.622847,21693169.6334299,3196074.66819771,24601969.1481999,15952816.1517475,15642190.9089738,9987336.46086025,0.139671386791103,0.137787149750117,0.0874051651054894,10383896.9495835,9110282.77395703,10026434.7027836,9972508.30982431,0.103811237425308,5974047.35160064,5047945,276896.059424414,4609469.77994042,4260977.65568775,249617.933101333,3830.61855380399,3482.96103153376,2316.61198941887,2272.37892692878,2449.02247060911,NA,6,6,6,6,6,6,6,6,6,6,6,6,6,6,6,6,6,6,6,6,6,6,6,6,6,6,6,6,6,6,6,5
"2007-07-01",113998393.461767,113909438.324679,98429805.3075776,137961607.274976,98097217.3228758,24273992.0833847,21338078.2389604,3141460.63803225,24171164.3757715,15691830.6619439,15550282.4480524,9841377.84963764,0.137664204843058,0.136843784738505,0.0853583957937409,10193861.4916527,8885034.96805703,10103630.220727,9957753.75442879,0.103066968016619,5773454.78440869,6100700,130282.688464436,4476423.0363576,4344612.22613127,200634.693819473,3858.68212530532,3512.93731432,2328.11802457119,2325.85639683751,2485.35475032908,NA,6,6,6,6,6,6,6,6,6,6,6,6,6,6,6,6,6,6,6,6,6,6,6,6,6,6,6,6,6,6,6,5
"2007-10-01",113891423.342125,114164985.749537,98661644.0831389,137764982.784332,98418267.9590315,23752008.8947481,20613384.0280208,3144600.43222139,23822757.3628538,15459170.3356882,15336305.8046279,9529213.23883872,0.135383577681006,0.135546796374206,0.0836918790880533,10125278.5669393,8855409.67186494,9860809.93169666,9931793.014595,0.101931989725205,5942114.53818209,6713689,34699.2884186308,4544649.062677,4321206.63767398,200621.235017335,3869.58865377362,3524.91553044732,2339.21468126977,2334.06216415153,2470.10678895798,NA,6,6,6,6,6,6,6,6,6,6,6,6,6,6,6,6,6,6,6,6,6,6,6,6,6,6,6,6,6,6,6,5
"2008-01-01",114150250.295395,113881118.390396,98763768.1233558,137471471.630613,98716357.0160017,23079109.1959129,19974486.5801447,3118819.20774235,23498996.2410342,15065847.4421874,15723809.8121191,9472467.6507158,0.132426534771089,0.134533355259162,0.0834778017837357,10132771.3023889,8824327.79058877,9988291.57081897,9772516.24251044,0.100086428983406,5685420.87523456,5497747,-371498.153328332,4469990.11286245,4431318.95903465,235454.527787901,3890.54732137842,3548.91305149922,2363.88918138606,2365.15377454812,2487.95887566375,NA,6,6,6,6,6,6,6,6,6,6,6,6,6,6,6,6,6,6,6,6,6,6,6,6,6,6,6,6,6,6,6,5
"2008-04-01",113900915.772284,113235156.36692,98782013.9586672,135851575.013865,98719964.2585026,22038083.3169904,18961960.4722143,3027364.72197448,22580330.7752901,14328243.7522991,14904327.3071958,8956351.85159281,0.125731982892569,0.131783043069085,0.0787887512572866,9968774.24747867,8683770.43130806,9664905.0243124,9796022.74055117,0.0992808771919536,5374340.33247191,5240619,-589263.459109867,4496964.03317646,4201756.18023984,225264.384717409,3880.14084070856,3545.67993616635,2345.03864712286,2343.80410996202,2468.75654154495,NA,6,6,6,6,6,6,6,6,6,6,6,6,6,6,6,6,6,6,6,6,6,6,6,6,6,6,6,6,6,6,6,5
"2008-07-01",113249153.068049,112282576.784587,98299400.5985414,134447462.329477,98800978.9736297,21115656.1772561,18078711.7934905,3030630.42711562,22333427.7372231,13743450.1098879,14702727.3048458,8545976.36785093,0.121453432506377,0.130557480096589,0.0756762828265977,9323415.98897584,8125892.13286623,9631913.35259596,9885916.90458991,0.0980956064852021,5205813.1895009,6369558,-879807.750405664,4154063.67349008,4498128.02164528,-737174.056566172,3903.20224880518,3571.79771678391,2383.06698634026,2393.43360245516,2503.43379897266,NA,6,6,6,6,6,6,6,6,6,6,6,6,6,6,6,6,6,6,6,6,6,6,6,6,6,6,6,6,6,6,6,5
"2008-10-01",112265287.547557,110342551.847587,97520131.0210358,131924656.789503,98304551.633795,19466228.4528596,16558249.0742217,3009155.96603725,21763049.2402377,12858853.6532394,14609785.8308458,7882138.82796,0.115153689323693,0.134366314769663,0.0700408266336628,9040798.69937029,7807502.94812619,10058724.1385125,9824504.90923697,0.0963409210566047,4997966.75639037,7962813,-2309018.74817647,4052441.25828015,5029597.6884442,-887649.193452353,3888.69625539276,3565.12618364495,2362.69819150995,2382.7997707399,2575.94623367735,NA,6,6,6,6,6,6,6,6,6,6,6,6,6,6,6,6,6,6,6,6,6,6,6,6,6,6,6,6,6,6,6,5
"2009-01-01",110321330.614948,107957902.069845,96488711.4515045,127882843.400976,97472946.8580152,17779974.1522288,14998081.7532402,2803849.16647134,19854089.7683485,11621338.6781419,14323192.2214591,7114685.02684567,0.106287660315045,0.126887401596705,0.0633901759225408,8524695.00021054,7269424.00320607,9721714.65906725,8417919.87778457,0.0875165421364806,4506325.52944494,6416651,-2068833.90594658,3966261.27223079,5229109.2507268,-898488.876400826,3737.27159602359,3456.19125820245,2341.32140348464,2342.79514028582,2544.8185251,NA,6,6,6,6,6,6,6,6,6,6,6,6,6,6,6,6,6,6,6,6,6,6,6,6,6,6,6,6,6,6,6,5
"2009-04-01",107982374.167747,106477343.323075,95584403.7516381,124293242.361221,96543575.6264959,16340381.1427338,13318330.767659,2842773.83371346,17632278.5263849,10793403.9569658,12283664.3711211,6284255.63398475,0.10170800868198,0.115437732041188,0.0595928234734439,7759544.80995373,6647820.65701995,8527784.48043499,8323052.71818345,0.0844735389820578,4499997.10653623,5329656,-1548325.39401241,3606092.01015349,4404107.99175766,-824268.345455812,3786.84331922349,3520.19502589103,2303.10679515563,2299.24732126776,2520.48428424702,NA,6,6,6,6,6,6,6,6,6,6,6,6,6,6,6,6,6,6,6,6,6,6,6,6,6,6,6,6,6,6,6,5
"2009-07-01",106495500.43219,105777404.951766,94783670.8805573,122796948.089919,95596389.5071258,16154281.2838257,13167062.4699335,2801604.85370613,17317240.2702083,10824108.2983989,11662532.9180457,6035526.54980812,0.102603608439082,0.110957216185935,0.059673695085745,7537295.44472069,6296468.50388445,8159433.88676562,8176365.92567414,0.0825578116206677,4764475.53360221,5622264,-886884.097626866,3653603.17702806,4276963.76547947,-933598.989221382,3817.79653236987,3552.52073565193,2274.62863470929,2270.3133323602,2488.57350368687,NA,6,6,6,6,6,6,6,6,6,6,6,6,6,6,6,6,6,6,6,6,6,6,6,6,6,6,6,6,6,6,6,5
"2009-10-01",105756946.826209,105414504.565076,94104585.9850557,122987196.622483,94773460.2138853,17043459.6759711,14305570.7995503,2814889.31120239,17303739.6521152,11510499.282287,11620789.5302012,6666150.79636272,0.108179778797389,0.112286564435404,0.0616411285170592,7354395.91486205,6109927.19111113,8396028.84184613,8000874.81562079,0.0824026832759941,4879526.0708771,6179626,-373266.135747663,3407220.78583542,4317582.35815033,-898010.462061865,3866.13578504051,3591.91531346543,2274.74618097362,2299.33474659351,2482.98392471385,NA,6,6,6,6,6,6,6,6,6,6,6,6,6,6,6,6,6,6,6,6,6,6,6,6,6,6,6,6,6,6,6,5
"2010-01-01",105422599.361803,105667627.313378,94040164.8636338,122483770.058388,94145709.8386221,17328441.2325454,14716892.6104244,2800053.79927853,16972282.6056839,11746815.2140701,11546268.7284056,6772012.79815261,0.110312193410076,0.106185318373097,0.0611232893839018,7953021.69948341,6690352.68770306,7821360.52591989,7958568.63621199,0.0835734340546862,4991199.94896144,4297312,196350.884641642,3848267.11556486,3747663.38196782,165410.581562161,3842.95459582599,3576.06313226314,2316.91433845539,2306.73494339859,2435.74880289089,NA,6,6,6,6,6,6,6,6,6,6,6,6,6,6,6,6,6,6,6,6,6,6,6,6,6,6,6,6,6,6,6,5
"2010-04-01",105685631.025848,106164083.986708,93966303.8166464,123559113.151238,94014702.7324011,17838807.5854031,14961435.0794482,2818146.72690714,17280169.0605415,12121125.9969543,11685722.6985115,6867325.41259836,0.115374645302638,0.110434013090894,0.0653692374890017,7956373.68590931,6817523.99852742,7995250.92990215,8063978.71059709,0.0856531799034194,5239913.91760627,4130921,368664.400654416,3731213.72303616,3828721.52442762,107086.243254438,3938.36494895801,3657.52495529137,2402.99161103764,2403.6644703982,2515.14743569434,NA,6,6,6,6,6,6,6,6,6,6,6,6,6,6,6,6,6,6,6,6,6,6,6,6,6,6,6,6,6,6,6,5
"2010-07-01",106170566.885606,106708747.511003,94361473.1208194,124139314.836205,93979864.0807548,17860552.6701405,14697192.5868529,2901667.4967985,17308466.3441191,12171036.4237635,11705032.6198098,6849901.65390248,0.114558681531279,0.110399581749197,0.0668238828697793,8536033.08208753,7348512.04384462,7917085.38683818,8200298.10273773,0.0882888724670786,5287240.43973287,4901039,496598.515130935,4169100.25752057,3559906.11512369,274389.124049515,3941.33094404338,3660.51738822827,2366.75002976558,2291.57821864406,2511.7207245755,NA,6,6,6,6,6,6,6,6,6,6,6,6,6,6,6,6,6,6,6,6,6,6,6,6,6,6,6,6,6,6,6,5
"2010-10-01",106699116.478598,106987685.089472,94515286.9229193,125050616.09536,94359931.9540015,18227866.315757,15288698.695897,2897282.30363397,17629927.949466,12466727.8558475,11936629.1785372,7313067.7499183,0.116425600773863,0.111680580597675,0.0678798061870898,8359032.61013175,7248998.38760604,8385377.59397344,8200008.4467349,0.0882088247714209,5196344.41687392,5855624,491531.349218498,3914942.27093597,3867119.94589496,278158.954885138,4027.95068634517,3734.38801238281,2417.64362665133,2339.5424420052,2620.71166602484,NA,6,6,6,6,6,6,6,6,6,6,6,6,6,6,6,6,6,6,6,6,6,6,6,6,6,6,6,6,6,6,6,5
"2011-01-01",106990558.838498,107463899.862787,94984251.5678466,125155370.372825,94492744.3461468,18355816.5577138,15870532.7896499,2656438.06953417,17883712.8709102,12553359.7751798,12103112.1272028,7374600.43376966,0.11638588052156,0.112095945284296,0.0667686604280003,8634494.36464346,7513176.48750491,8151185.62314698,8264170.73502304,0.0884698035506292,5194229.3517862,4267718,451307.921699745,4116922.58620045,3610492.27563075,375305.785308516,4102.64543150797,3801.6862934802,2452.81569794288,2424.2582401458,2612.7493097035,NA,6,6,6,6,6,6,6,6,6,6,6,6,6,6,6,6,6,6,6,6,6,6,6,6,6,6,6,6,6,6,6,5
"2011-04-01",107460101.092827,108064967.960148,95355916.5334049,126004215.378259,95006542.1545603,18507093.1220209,15767274.3915837,2687151.90429442,17881120.0496862,12696235.7530612,12116006.648875,7352549.48129416,0.118215219953426,0.112611962729392,0.0692300752034754,8561810.18283736,7493156.36226784,8232661.14570789,8353631.54266034,0.0890542005864654,5329851.62431581,4082803,606186.156576342,3913841.74902097,3653652.98303495,380045.752688794,4090.32810672808,3791.49904630686,2484.29313621629,2474.13825535719,2606.94851596683,NA,6,6,6,6,6,6,6,6,6,6,6,6,6,6,6,6,6,6,6,6,6,6,6,6,6,6,6,6,6,6,6,5
"2011-07-01",108059455.319722,108735250.738374,95667845.4794476,127189806.24771,95360049.6459209,19036702.6600175,16232085.6763268,2646776.64863282,18204377.9790274,13014447.3168495,12299489.8674203,7513895.08841637,0.120476857116683,0.113155061957128,0.0704228201626288,8831386.32279406,7689402.95058447,8363259.41086267,8361692.92829102,0.0893848159694282,5471698.90383822,4973873,692007.815759596,4127243.51469718,3677808.62240449,446758.723478938,4132.73815601627,3827.7382589617,2501.32681290647,2502.16231117629,2618.64179367301,NA,6,6,6,6,6,6,6,6,6,6,6,6,6,6,6,6,6,6,6,6,6,6,6,6,6,6,6,6,6,6,6,5
"2011-10-01",108727393.295052,109273027.276415,96397490.4294021,127306680.548704,95667077.4221503,18888520.6546954,16300264.1168381,2643599.61228161,18359836.4111383,13013630.2176798,12403332.9687941,7612560.14842356,0.118860850149003,0.113645396343714,0.0692233598908027,8872762.99620799,7724310.1193092,8403963.9841533,8489441.18981105,0.0902104865403957,5325287.72899774,5706328,678432.789752681,4233569.06724731,3675942.67017613,528280.453335718,4105.97587497573,3803.72588807634,2533.75832310046,2539.02141700816,2597.3307202367,NA,6,6,6,6,6,6,6,6,6,6,6,6,6,6,6,6,6,6,6,6,6,6,6,6,6,6,6,6,6,6,6,5
"2012-01-01",109275111.941361,110066764.967976,96692175.8636561,128893553.965828,96378218.6897629,19423580.7240211,16984236.1341153,2659888.44037043,18520028.2727742,13377689.0344673,12521601.9695983,7963057.03520259,0.121675552977459,0.113808011322518,0.0711937604977984,8813033.8945239,7664485.82772177,8518854.91956186,8538400.98020128,0.0897955960669525,5544523.42611357,4313533,735790.388064591,3908057.04241337,3772839.03195134,447932.575905383,4177.72938777583,3864.92767865818,2538.66730141626,2566.07645360268,2642.48868014881,NA,6,6,6,6,6,6,6,6,6,6,6,6,6,6,6,6,6,6,6,6,6,6,6,6,6,6,6,6,6,6,6,5
"2012-04-01",110061850.358546,110585749.410931,97293610.3908237,129477006.86792,96720485.3685556,19372659.7736651,16767477.9073018,2635118.90057603,18805524.2131304,13265191.7315675,12724198.9800852,7841949.54033351,0.120085875421692,0.115317263039597,0.0721359070808244,9226385.96328248,8128676.94923502,8530856.13783205,8549002.03035977,0.0905780607138995,5413184.97220202,4226407,583721.190406621,4314218.2834014,3643674.84617429,542180.789962569,4188.10176807104,3870.18572538357,2531.2788504961,2522.57899340712,2640.5410387473,NA,6,6,6,6,6,6,6,6,6,6,6,6,6,6,6,6,6,6,6,6,6,6,6,6,6,6,6,6,6,6,6,5
"2012-07-01",110578944.256596,111064507.566622,97852326.9687557,129686723.924657,97304497.8755057,19389183.496194,16771988.3467944,2641867.66284401,18890549.2987645,13375594.4479476,12828062.7355636,7847591.52900908,0.120730529035882,0.115396893677301,0.0718878075117115,9004775.82622284,7952840.95068284,8619003.03531124,8679725.50492263,0.0912206643186453,5398281.73056737,5117615,556774.092702675,4154267.06616234,3714508.86291691,446969.166660153,4236.28912715038,3914.7022896159,2547.08722637104,2535.68072659238,2704.95225991552,NA,6,6,6,6,6,6,6,6,6,6,6,6,6,6,6,6,6,6,6,6,6,6,6,6,6,6,6,6,6,6,6,5
"2012-10-01",111059073.013873,111581341.575952,98202819.6498102,130353148.88853,97843781.2109051,19276933.2042688,16471117.396619,2659929.34482726,18996818.1057224,13215985.3993345,12895736.1717582,7836995.00947448,0.118677275384975,0.115816893884295,0.0699027840471815,9070156.69260361,7974052.92162469,8630845.97290295,8767793.23835608,0.090620712042654,5405459.24859382,5788681,600363.938706722,4232575.3122886,3769961.95920133,367728.326073755,4296.31857501056,3972.9493969213,2555.28935168821,2552.57985397959,2885.29201680662,NA,6,6,6,6,6,6,6,6,6,6,6,6,6,6,6,6,6,6,6,6,6,6,6,6,6,6,6,6,6,6,6,5
"2013-01-01",111581585.729171,112235793.762609,98586424.6828466,131567750.091136,98253438.5163337,20058091.3002911,17487781.2148857,2664668.00255044,19246450.4050267,13829818.3361671,13071821.4115266,8285253.63171349,0.123500069804678,0.116781022396963,0.0734996307956558,8952932.7923395,7825061.5397256,8894974.49079187,8821986.50693482,0.0904107945091229,5548777.29793582,4470263,560694.037373459,3990669.32026863,3888377.77299228,378068.940291635,4235.85158228014,3909.75404887364,2565.51070609643,2562.92721993157,2675.97907330952,NA,6,6,6,6,6,6,6,6,6,6,6,6,6,6,6,6,6,6,6,6,6,6,6,6,6,6,6,6,6,6,6,5
"2013-04-01",112232118.37034,112854126.927171,99081794.4318696,132294015.608205,98536708.3131703,20000716.6613321,17390272.2434412,2661831.19144551,19373138.4481551,13795428.5581487,13167866.2384893,8273318.38764302,0.122948924290847,0.116737270546752,0.0740908683966229,9368736.84256398,8257447.33988641,8811814.17257591,8925628.35958861,0.0918898114846686,5513370.76394589,4212301,608261.330283195,4277436.33555493,3740435.74572711,449118.569595532,4281.47004523335,3950.94157757918,2554.31323533104,2581.62704636235,2685.44236849043,NA,6,6,6,6,6,6,6,6,6,6,6,6,6,6,6,6,6,6,6,6,6,6,6,6,6,6,6,6,6,6,6,5
"2013-07-01",112846750.660774,113413056.46479,99471776.5816939,133026103.1047,99093330.0368754,20124705.9190191,17346795.4959724,2654198.68913844,19680416.0564116,13845005.5402056,13372154.8543099,8331531.71317558,0.122497596374777,0.118526629753233,0.0740788320055212,9450335.10708965,8393521.89264781,8858630.09649207,9010158.49556741,0.0928835195069256,5509280.08918766,5166061,669239.845826537,4296632.54508173,3735942.15120755,384936.670451695,4297.86920481018,3962.31752970382,2566.25103210643,2557.28183157515,2705.86776662617,NA,6,6,6,6,6,6,6,6,6,6,6,6,6,6,6,6,6,6,6,6,6,6,6,6,6,6,6,6,6,6,6,5
"2013-10-01",113408701.231572,114168259.987945,99962800.4988299,133871493.934432,99466362.8814106,20428146.7699573,17667220.9670381,2655996.92374312,19936763.4886245,14103021.0501712,13530891.501853,8463777.38366108,0.123461994693371,0.118944834405942,0.0740167642336647,9516235.42397491,8468120.34741528,8957935.53506223,9099638.69223006,0.0932143334336349,5657332.68984503,5787587,649606.071613718,4342251.21731029,3781518.332312,464716.845421721,4309.24513579585,3969.49168017,2620.34455675585,2559.72251334063,2717.10971286986,NA,6,6,6,6,6,6,6,6,6,6,6,6,6,6,6,6,6,6,6,6,6,6,6,6,6,6,6,6,6,6,6,5
"2014-01-01",114165525.116354,114709563.277468,100459390.74197,134889122.618945,99917396.8152481,20807324.0618829,18196378.6607649,2653478.93600479,20105523.0792936,14291219.8515312,13644660.9355569,8733597.79028736,0.124859103120087,0.119510400756346,0.0757372716047744,9510867.28603569,8375203.65885334,9154824.44620877,9218831.67491671,0.0934561657879366,5560090.97847762,4608832,659509.770170477,4214763.69149104,3789999.24895987,498231.931534066,4378.81671844218,4034.2503380044,2572.08897655779,2590.97725915896,2752.01889666415,NA,6,6,6,6,6,6,6,6,6,6,6,6,6,6,6,6,6,6,6,6,6,6,6,6,6,6,6,6,6,6,6,5
"2014-04-01",114707670.393023,115495577.431273,100915429.29502,136017291.178707,100502933.006615,21253879.6518599,18648208.2269703,2665394.25507323,20462212.1015516,14659249.9647379,13860670.7470307,8920631.89679112,0.126912341669817,0.120676455802935,0.0779840760449455,9616011.89751184,8508521.02465977,9276414.12056516,9314575.60304433,0.0939136426338688,5728636.85392612,4240043,712227.532003098,4217538.77324543,3892170.29608645,462254.69966488,4391.4281935784,4038.75915263661,2632.05413749196,2625.10277339528,2769.79582121178,NA,6,6,6,6,6,6,6,6,6,6,6,6,6,6,6,6,6,6,6,6,6,6,6,6,6,6,6,6,6,6,6,5
"2014-07-01",115488407.039971,116200979.289122,101504509.767879,136785829.382154,100920013.434455,21258973.507118,18458955.5026761,2666456.01584416,20702141.238873,14615132.0435225,14054981.231222,8944444.08483009,0.126427007477843,0.1209124882331,0.0776983770698089,10040228.2056367,8966032.17012229,9218399.84540434,9425811.3056653,0.0951177716813278,5673399.362551,5203236,676262.968798786,4506316.50391374,3724488.18255281,538065.224283978,4428.86067834556,4069.34911544549,2642.68646816571,2648.33672395622,2782.22764873227,NA,6,6,6,6,6,6,6,6,6,6,6,6,6,6,6,6,6,6,6,6,6,6,6,6,6,6,6,6,6,6,6,5
"2014-10-01",116196657.702605,117093729.994053,102037569.918344,137895475.811558,101501923.096726,21608547.1450287,18892554.0919877,2668731.45311309,20954355.4346901,15015970.7904577,14162002.5305481,9215419.8504753,0.129140969475129,0.121799974178391,0.0781102765900815,9971306.71181074,8948423.22727102,9401159.41459203,9566306.60625128,0.0957502671341239,5822967.78431562,5806190,647882.65532974,4385754.82801493,3828684.59177735,555057.426193464,4462.08966637804,4098.79209430679,2654.99585771689,2705.28474261241,2806.50714255733,NA,6,6,6,6,6,6,6,6,6,6,6,6,6,6,6,6,6,6,6,6,6,6,6,6,6,6,6,6,6,6,6,5
"2015-01-01",117090545.623358,117557072.426291,102552363.298897,138762358.928292,102041526.038536,21785795.3856971,19073306.2144421,2691445.03695528,21290447.8322012,14924617.0685288,14516505.0723494,9275647.96354736,0.127217315515013,0.122838288482335,0.0791043081459213,10119844.2191172,9030202.92871679,9576974.28089111,9666451.39523911,0.0960109663113746,5638455.82621892,4775258,661733.028785195,4438890.35363912,3806127.72163435,556832.910743827,4488.2115322614,4120.17884312201,2658.86822029897,2665.98311059836,2871.97881017355,NA,6,6,6,6,6,6,6,6,6,6,6,6,6,6,6,6,6,6,6,6,6,6,6,6,6,6,6,6,6,6,6,5
"2015-04-01",117554967.123386,118248116.494583,102985879.941945,139833175.824293,102556119.762146,22258370.3008118,19614829.9438913,2714564.10870094,21504104.4154888,15306667.9382869,14550801.3437405,9452933.64577397,0.13000351453061,0.123403143166062,0.0809302326781113,9986198.95960267,8889837.28771304,9738033.35574073,9766168.79217009,0.0962539166772985,5844466.49956913,4425316,638356.294515665,4279978.75488563,4033585.84114664,442277.14283737,4520.36888734678,4151.39423628075,2679.97329556425,2698.80919314883,2866.43458540294,NA,6,6,6,6,6,6,6,6,6,6,6,6,6,6,6,6,6,6,6,6,6,6,6,6,6,6,6,6,6,6,6,5
"2015-07-01",118236310.153007,118876793.572751,103660686.003915,140601045.42255,102996983.912776,22313099.7485865,19478956.6396408,2720949.93852958,21719532.5151173,15219008.4447155,14586416.885172,9450900.51445827,0.128248041398351,0.124490877697665,0.0795319952312356,10419682.5795137,9340454.82157865,9646746.29351286,9861611.27224925,0.0969207715628854,5777494.71496859,5407100,480965.48808616,4580275.98173682,3845613.37809013,517994.191222128,4527.40525603304,4155.54456970626,2698.94681304934,2731.00982362867,2865.37715425004,NA,6,6,6,6,6,6,6,6,6,6,6,6,6,6,6,6,6,6,6,6,6,6,6,6,6,6,6,6,6,6,6,5
"2015-10-01",118871310.881058,119484943.537579,103919748.567832,141867842.715561,103655742.371749,22857336.3095659,20040337.9609821,2756890.56225895,21865351.7232664,15569380.0943711,14809361.9985139,9797510.1800248,0.130971672723649,0.125867663844286,0.0821937069802955,10275443.444304,9253868.36541629,9915549.43121558,9803680.40574285,0.0967456903458698,5805989.66486088,6063484,579237.248774546,4381628.60395708,4039756.7513172,359626.141496989,4595.40066105555,4210.67877446475,2743.6414667419,2807.78563381776,2906.25584962711,NA,6,6,6,6,6,6,6,6,6,6,6,6,6,6,6,6,6,6,6,6,6,6,6,6,6,6,6,6,6,6,6,5
"2016-01-01",119487170.626386,120083041.702889,104681105.849329,141923340.626791,103962491.815681,22282579.5446899,19605753.1115259,2741467.17397254,21844174.3125879,15165216.1353935,14665371.4111593,9520531.50815224,0.126701861520788,0.121668609252439,0.0788695900874215,10718073.7790606,9601466.63186561,9596954.92949178,9887723.72917804,0.0974992407440826,5734975.10017653,4746740,490747.906453072,4745192.69406932,3748635.94882922,1067748.19763857,4423.02867459423,4061.99835490748,2688.26140305396,2703.81356776404,2832.40550171164,NA,6,6,6,6,6,6,6,6,6,6,6,6,6,6,6,6,6,6,6,6,6,6,6,6,6,6,6,6,6,6,6,5
"2016-04-01",120087242.942627,120523946.889398,105113574.240612,142662150.40684,104643812.199381,22596657.3297106,19926161.5456067,2761459.04324222,22156121.9607548,15357538.0236046,14871217.5053592,9692416.82498089,0.127155630856915,0.123199099890266,0.0809969605585089,10247188.7408665,9121207.89710703,9898942.51976659,9992976.46837123,0.0969466613134111,5659089.5960143,4474905,452097.963031352,4364104.41690452,4027832.34091122,361944.217758658,4619.67658932761,4241.35406856718,2711.4608713569,2752.98275019254,2898.31638717272,NA,6,6,6,6,6,6,6,6,6,6,6,6,6,6,6,6,6,6,6,6,6,6,6,6,6,6,6,6,6,6,6,5
"2016-07-01",120523290.818268,120975957.242824,105253423.323246,143923157.567679,105127206.003935,23347075.5111998,20433276.1270579,2794810.28529519,22366770.1002727,15716043.8349151,15037677.1819163,9950342.0578372,0.130079105029087,0.124335221594808,0.0822609615347221,10200535.6511836,9174758.62389206,10083084.2234999,9935667.78566319,0.095945797851728,5781411.46571404,5625598,568856.235892121,4277634.14211355,4173763.82267154,304310.08812164,4677.1167716617,4287.00919865568,2764.98054626676,2788.17379226546,2957.89887220488,NA,6,6,6,6,6,6,6,6,6,6,6,6,6,6,6,6,6,6,6,6,6,6,6,6,6,6,6,6,6,6,6,5
"2016-10-01",120936055.121449,121222075.151382,105955324.296481,143704185.701522,105243080.70771,22978499.0189728,20292567.0170725,2772890.32682917,22648279.6897492,15437297.5931476,15085109.4064339,9766833.13818441,0.127221343926948,0.12481587778301,0.0805942927012731,10453277.9231674,9382536.95003354,9896762.86286512,10035077.7730121,0.0966148560189427,5597259.26776022,6167863,401983.446697093,4577584.92535453,3998061.39670634,472627.249357045,4660.86834849408,4276.21216700872,2768.60184405851,2809.08253412452,2937.23843607369,NA,6,6,6,6,6,6,6,6,6,6,6,6,6,6,6,6,6,6,6,6,6,6,6,6,6,6,6,6,6,6,6,5
"2017-01-01",121227980.162472,121905783.351718,106051008.138426,144821291.917893,105894431.182826,23320456.9425783,20346012.3338748,2803422.37001078,22752406.4843389,15730547.603038,15242643.5335714,9910135.16950455,0.130143302045294,0.125203899247355,0.0818921985652641,10223019.2102284,9157766.7115178,10039851.7840061,10073235.9901666,0.0960244490832914,5892132.27195637,4829894,530434.295374952,4263213.58536437,4110951.98329368,357808.692625403,4710.65232194138,4317.44307334675,2794.98268588087,2824.8675525492,2979.14361573717,NA,6,6,6,6,6,6,6,6,6,6,6,6,6,6,6,6,6,6,6,6,6,6,6,6,6,6,6,6,6,6,6,5
"2017-04-01",121926592.005004,122370732.146728,106542088.671519,145211346.527267,106103555.051051,23322183.291274,20638673.5555165,2801044.92166402,22843523.5385733,15845994.1509679,15321024.6890572,10031596.9749823,0.129241037052959,0.125276905557735,0.0829988636282526,10664208.7272211,9492551.73113405,10091783.4674999,10030003.0255297,0.096421223448022,5806304.69605566,4604067,502132.651759845,4632548.99502298,4054530.91860438,434778.222684415,4756.8274759479,4360.91717350938,2857.40304062454,2862.65402967311,2987.79345707658,NA,6,6,6,6,6,6,6,6,6,6,6,6,6,6,6,6,6,6,6,6,6,6,6,6,6,6,6,6,6,6,6,5
"2017-07-01",122371353.776264,122707937.371243,107091330.3023,145261148.204322,106546109.911774,23218677.8424415,20440655.6114643,2806066.92302008,22918180.3137719,15753085.4805912,15353610.4061744,9942352.47289151,0.128205001897754,0.125076209463595,0.0812347443674739,10459665.5836403,9368856.62827407,10129838.408485,10150817.2323596,0.0965691636284377,5718481.49085082,5687699,529679.087578085,4447343.87277557,4033843.55858976,377517.024701467,4808.63156022607,4404.69573675341,2867.85512478252,2898.02246763153,3027.0933625538,NA,6,6,6,6,6,6,6,6,6,6,6,6,6,6,6,6,6,6,6,6,6,6,6,6,6,6,6,6,6,6,6,5
"2017-10-01",122657067.438748,123353731.577803,107389235.040941,146014285.539276,107077513.114311,23575209.1952519,20775807.6780782,2835268.35369748,23024921.6967675,16076202.4053096,15451619.7518207,10161943.0448738,0.130251006931289,0.125493190583251,0.082638297759082,10301426.0741857,9234552.69883132,10196781.2949941,10278829.5800781,0.0964508100712039,5831929.79279144,5990305,617586.775259184,4322098.46743961,4160802.40483969,306045.709756715,4858.7986988901,4452.85881444158,2898.02852583212,2917.70593076656,3082.26026718532,NA,6,6,6,6,6,6,6,6,6,6,6,6,6,6,6,6,6,6,6,6,6,6,6,6,6,6,6,6,6,6,6,5
"2018-01-01",123364199.744563,123946446.223088,107784937.604607,147504066.349319,107446089.298628,23795504.1923811,20782614.7180737,2863254.69803001,23324209.5291289,16047220.76801,15629086.7425391,10278303.8639088,0.130181876568615,0.126075918967407,0.0829495421845687,10677044.4029542,9534869.84285843,10302585.2626042,10306487.9415,0.0972215653593959,5851969.51866768,4899596,580490.592613382,4483391.70138353,4113750.64824507,347783.756685247,4894.97396390517,4482.68055192606,2924.39351320864,2955.48978564346,3138.64695866622,NA,6,6,6,6,6,6,6,6,6,6,6,6,6,6,6,6,6,6,6,6,6,6,6,6,6,6,6,6,6,6,6,5
"2018-04-01",123970970.698806,124514716.170141,108271173.882924,147970296.936591,107729155.981066,24058913.2952324,21340199.4459115,2866198.16043119,23401997.9311713,16329949.8790045,15687305.3108728,10384462.275078,0.131326555620914,0.126156791244411,0.0840467888928248,10827642.8364942,9638168.24181533,10307645.6402964,10341690.4161689,0.0979377638423337,5935158.22955995,4606938,553542.931883654,4590302.80403375,4091824.53947352,441503.001344437,4920.46477258278,4510.32681493617,2940.20415567263,2997.42030738605,3187.73821384623,NA,6,6,6,6,6,6,6,6,6,6,6,6,6,6,6,6,6,6,6,6,6,6,6,6,6,6,6,6,6,6,6,5
"2018-07-01",124516903.86461,124874910.070247,108680829.476738,148174976.537332,108283648.550569,24053013.5040127,21156757.0703728,2886053.94896895,23558235.8566141,16305099.0595695,15838013.0315259,10335714.7282323,0.131042159140105,0.126572618157888,0.0831056913462346,10768405.8319188,9650043.07358867,10487176.1394047,10361858.6373368,0.0972079341859309,5875455.2311495,5818619,508716.457218599,4556181.07236919,4193226.23839539,408434.987810131,4967.07936446806,4553.81799845196,3002.73122757894,3024.22116735402,3153.33484837709,NA,6,6,6,6,6,6,6,6,6,6,6,6,6,6,6,6,6,6,6,6,6,6,6,6,6,6,6,6,6,6,6,5
"2018-10-01",124802879.766565,125414837.346536,109166823.991991,148677602.562437,108672569.428432,23693490.0360683,20691365.8290536,2899694.54606266,23537903.6019371,16206078.1034587,15829141.2928999,10291484.6236574,0.129975454169604,0.125889548116488,0.0819579223544961,10754983.3325026,9726076.20808612,10213791.2460708,10424461.7726196,0.096985266961294,5935495.30431473,6199648,506349.327697575,4605521.53582077,4118749.44497444,425228.919324174,4949.82276985745,4533.78932317582,3076.99346085527,3080.87969512816,3169.29743531618,NA,6,6,6,6,6,6,6,6,6,6,6,6,6,6,6,6,6,6,6,6,6,6,6,6,6,6,6,6,6,6,6,5
"2019-01-01",125432740.845022,125780495.093579,109530702.675638,149479667.342219,109121083.321437,24001272.8947673,21135718.3490739,2890646.69085451,23551393.3169059,16172932.0896011,15832948.1781672,10394556.8556496,0.12949184699907,0.125676979323188,0.0834497969358567,10827963.3187615,9639706.84343296,10550318.1034951,10464748.7506472,0.0973454567657241,5762475.9941606,5069626,449584.139371036,4535408.36707434,4154593.54910828,420017.506417393,5055.10475489005,4623.5154137591,3116.19949631914,3140.55863851492,3216.65021575976,NA,6,6,6,6,6,6,6,6,6,6,6,6,6,6,6,6,6,6,6,6,6,6,6,6,6,6,6,6,6,6,6,5
"2019-04-01",125825797.437002,126336787.223946,110052670.651239,149965601.309734,109586296.055681,24276348.2448279,21459879.7911977,2909338.15537882,23611870.6273109,16475343.4148566,15858824.5446916,10427344.6371084,0.129510448657963,0.125545465554265,0.0831732941523697,10796188.8423283,9582218.77123723,10546193.234028,10436510.6626866,0.0969688882212233,6038584.36127082,4707795,457347.659098662,4476058.42503862,4264764.33152294,433443.344838307,5079.63982511706,4668.58625192736,3128.04737252643,3156.22910946748,3257.72758344319,NA,6,6,6,6,6,6,6,6,6,6,6,6,6,6,6,6,6,6,6,6,6,6,6,6,6,6,6,6,6,6,6,5
"2019-07-01",126348725.208321,126533856.163783,110479656.355623,149981487.815156,110067298.70477,23736046.9488283,20652426.8588934,2900978.04007742,23702023.7177978,15975151.018484,15902269.9906753,10223325.7915907,0.126579533637922,0.125488011941234,0.0806025875509263,11042240.2504535,9885554.6056011,10328224.3506799,10481954.0087132,0.0963768881861361,5763801.47902345,5850959,243860.642603373,4789423.83448369,4070169.24327384,402001.033040394,5117.324342551,4688.16636688214,3190.53117241123,3155.49273416179,3258.81215339022,NA,6,6,6,6,6,6,6,6,6,6,6,6,6,6,6,6,6,6,6,6,6,6,6,6,6,6,6,6,6,6,6,5
"2019-10-01",126415065.960976,127014556.917116,110619091.936908,150312722.462255,110444171.622391,23599272.2685386,20681064.2780403,2910253.07036076,23484327.5561886,16309481.372198,16029683.8241684,10299908.3520163,0.128952245624586,0.125435359358736,0.0808332464895459,10750197.3273184,9745143.03656838,10410295.3619594,16242789.9269274,0.119506920081671,6027911.51546986,6339828,292503.274893488,4578102.55556688,4289149.37804186,224128.432665467,5128.44376075984,4692.82020405003,3197.07698000315,3216.05744457683,2962.85488676718,NA,6,6,6,6,6,6,6,6,6,6,6,6,6,6,6,6,6,6,6,6,6,6,6,6,6,6,6,6,6,6,6,5
"2020-01-01",127037434.277019,119184134.157477,104485774.107425,150961566.929149,110549840.101237,23517451.5141656,20738124.0968908,2889792.46020775,32379956.2050307,14160164.3504402,22614120.5771508,9852022.49001389,0.114910171261621,0.183673394076446,0.0786926067030639,9887412.76929002,8898426.53035353,16056457.2463305,10434874.6173194,0.0948671438982767,4423255.88523315,11908774,-7470477.15243155,3478772.10070503,10166675.9069185,-6024508.4818333,5409.36724676066,4737.08632445897,3376.06307753357,3434.09780985969,3136.08498836118,NA,6,6,6,6,6,6,6,6,6,6,6,6,6,6,6,6,6,6,6,6,6,6,6,6,6,6,6,6,6,6,6,5
"2020-04-01",119250653.463174,114944689.857291,104885045.142537,135265215.79461,104553126.118116,16107204.8077272,14191492.7695706,2142699.98764153,20461929.5169975,10390343.7017315,14638681.5684196,6176873.86348352,0.089795150813728,0.125717891844377,0.0542263865138131,9900591.67061309,8820356.36264774,10387484.935265,9567459.04153319,0.095621693300199,4209212.84549968,7861125,-4550423.70344934,4611883.20887639,5012632.86900422,11985.7424869377,5121.25209704059,4709.82534756145,3113.14115672617,3139.04249063098,3086.03073026859,NA,6,6,6,6,6,6,6,6,6,6,6,6,6,6,6,6,6,6,6,6,6,6,6,6,6,6,6,6,6,6,6,5
"2020-07-01",114970894.782243,117881089.189944,102235199.129333,137780380.640502,104922621.496432,22848398.78945,17712836.0744741,5271030.84077637,20571155.2784676,15882845.3929485,13069759.7357885,8087587.56401608,0.136183558888685,0.113782744648582,0.0716778333072625,7279362.56364029,6456531.11814452,9706105.63622952,9404890.58190298,0.0795657593494473,7788074.7523687,5013700,2377195.49011726,3434542.81477206,5798216.01645017,-2505588.5274315,5512.89030343388,5102.15202137259,3384.88173535844,3417.011101818,3509.9460955289,NA,6,6,6,6,6,6,6,6,6,6,6,6,6,6,6,6,6,6,6,6,6,6,6,6,6,6,6,6,6,6,6,5
"2020-10-01",117742066.631026,119826161.55571,103401832.32203,141884634.59654,102194587.472627,23744124.6768005,19942966.2047318,3867506.60830632,21416113.0465315,16451936.7333159,14458057.641992,9566010.40031908,0.137843578999798,0.119454959108274,0.0797099510470897,10898856.0345796,8506371.76001834,9236154.80840878,9304658.52552024,0.0996047281067546,6909972.62574262,5644613,1977527.05595196,5531734.83471983,3989499.30649149,1526566.36500528,5674.79693123777,5226.53532961708,3210.65792635235,3407.09367185145,3812.65670691214,NA,6,6,6,6,6,6,6,6,6,6,6,6,6,6,6,6,6,6,6,6,6,6,6,6,6,6,6,6,6,6,6,5
"2021-01-01",119837455.69948,120881176.128244,104608310.006833,142806874.372987,103412195.779029,23072976.4172947,19997826.5331095,2976450.79204962,21788394.7754896,15483823.4444988,14587904.6000682,9446012.75258375,0.12874746779707,0.119941791049446,0.077716970132577,11255123.8097788,9480273.50927361,9312817.58991201,10580528.9058413,0.101464643647795,6042344.64780562,4720964,1603291.09816853,5445612.08417236,3397986.27501685,1459072.14424328,5639.09455146144,5177.49099891171,3412.46834567971,3429.90805097793,3661.93956143749,NA,6,6,6,6,6,6,6,6,6,6,6,6,6,6,6,6,6,6,6,6,6,6,6,6,6,6,6,6,6,6,6,5
"2021-04-01",120935768.609996,122465444.457897,105251461.717936,146178961.948077,104573106.348717,25468252.5815767,22471101.7909484,2969080.16087023,24010369.9362046,17373410.6800814,15762102.5898364,10481403.1124809,0.143185042238585,0.131042458198376,0.0872608816440205,10159613.8655675,8767518.35630281,10586232.4970742,10696697.7878461,0.101739713361033,6882395.07600604,4665644,1622535.54945975,4335380.51771075,4784425.34866974,36865.4092811607,5820.05267492753,5335.88004941793,3591.13270634601,3714.02684162972,3746.82639843538,NA,6,6,6,6,6,6,6,6,6,6,6,6,6,6,6,6,6,6,6,6,6,6,6,6,6,6,6,6,6,6,6,5
"2021-07-01",122519877.150857,124552789.799487,106570119.498418,149226913.617871,105280713.822852,26828438.0351946,23822431.3122609,2924511.62344379,24642759.9531237,18317565.4841834,15929953.8639581,11031550.384442,0.147815503898548,0.131908555266889,0.0887446571028093,11958058.2262,10482302.8775843,10742599.6647801,10814505.0108133,0.105349331340525,7271722.24251629,5400093,1698147.14369054,5497718.70059944,4294233.87693346,1360457.17814439,5841.58638785848,5331.2657269903,3473.03102574892,3554.57029668683,3811.51678317004,NA,6,6,6,6,6,6,6,6,6,6,6,6,6,6,6,6,6,6,6,6,6,6,6,6,6,6,6,6,6,6,6,5
"2021-10-01",124437711.778528,126179224.563796,107543037.895912,152228274.576418,106547960.921626,27371218.9719297,24582056.2651988,2932367.79808697,25336152.2215678,18849901.7111629,17010700.2961322,11775982.9369243,0.149746897966107,0.133216456892568,0.0930809350123222,12481547.2823379,11349809.8158393,11030306.9853332,10915022.4245366,0.108934009445968,7100381.36314055,6209075,1642453.50744985,5519123.17363306,4266581.78766168,1417346.75863582,6034.72356151669,5499.96952137467,3747.79214451504,3801.18932380632,4000.38107314921,NA,6,6,6,6,6,6,6,6,6,6,6,6,6,6,6,6,6,6,6,6,6,6,6,6,6,6,6,6,6,6,6,5
"2022-01-01",126164158.075578,127686392.18639,109207154.160467,153141821.886201,107505718.157354,26901679.7121732,23810235.2339437,2925065.78672684,25571904.1433268,18038883.8661823,16986181.4638666,11330333.6694171,0.143690922071964,0.133138190320978,0.090030226690556,12955815.6335288,11763062.6259816,10884364.0273995,11148018.0188489,0.109896138133833,6729520.79111232,4897748,1531377.2390905,6048450.91653092,3766965.61862337,1453915.11544227,6072.23495821932,5528.49908103464,3874.10199756288,3869.20908925984,4093.54633608726,NA,6,6,6,6,6,6,6,6,6,6,6,6,6,6,6,6,6,6,6,6,6,6,6,6,6,6,6,6,6,6,6,5
"2022-04-01",127744938.172998,128796655.992048,110650950.300773,154286615.191685,109224412.877237,26871584.3914699,24048565.815424,2910321.48153665,25542600.0621183,18133869.2825192,16961627.521669,11350590.0354423,0.141437587126818,0.131989632735453,0.089303549929627,12259243.9202382,10962672.2580044,11254502.3178568,11118333.2385585,0.106473291716197,6756507.0687058,4975459,1255399.00748983,5248327.12656699,4238199.11728302,1440835.02152003,6068.97737301884,5542.62781071479,3946.41117329937,4001.81758477494,4032.07833083907,NA,6,6,6,6,6,6,6,6,6,6,6,6,6,6,6,6,6,6,6,6,6,6,6,6,6,6,6,6,6,6,6,5
"2022-07-01",128810189.085471,129763387.171251,111753260.526324,155536102.562526,110659142.527548,26832590.7390949,23739305.5429689,2981562.93954714,25368618.2038371,18064988.0803455,16778565.0206614,11454036.4356246,0.139705488303507,0.130357823649462,0.0878904387241292,12300852.7600033,11106270.1761514,11226850.4278026,10940600.8867263,0.103193839080948,6604903.26811997,5869541,933742.937723495,5358870.38508102,4290374.02199582,1415927.55540578,6155.49351254112,5618.67597360014,4025.82743899163,4105.5239750599,4023.93567256902,NA,6,6,6,6,6,6,6,6,6,6,6,6,6,6,6,6,6,6,6,6,6,6,6,6,6,6,6,6,6,6,6,5
"2022-10-01",129669471.723981,130192458.372275,113160751.439019,154035310.139542,111732746.631192,24304778.3598067,21609693.4402575,2930485.38730223,24587456.6988419,17211349.5627771,16670778.8259859,10982765.2585485,0.132102952928451,0.127986712202042,0.084348937066872,12294440.6414564,11207691.9873395,10799025.1742648,10906665.9313271,0.10194701237596,6128735.88709705,6478160,673335.694371582,5537061.29794388,4208648.62371191,1404227.71291082,6094.69942405833,5590.84816547005,4004.45924562793,4041.99032125966,3967.57386165731,NA,6,6,6,6,6,6,6,6,6,6,6,6,6,6,6,6,6,6,6,6,6,6,6,6,6,6,6,6,6,6,6,5
"2023-01-01",130197642.498478,131008499.759218,113672100.396034,156009277.276495,113146570.90619,25370598.4338625,22091060.6610309,2923623.57545926,24286546.598787,16996538.8473437,16473164.8917048,10815313.3061257,0.131292777187633,0.126031908464296,0.0826602489821044,11582740.7376444,10426343.5916194,11034344.5446409,10693838.6609782,0.0984883607206863,6332780.31769391,5165811,577577.386890468,4963699.9040056,4358922.80648627,31008.1004864861,6231.88140131707,5708.93933186312,4005.734276378,4018.69333056192,4037.37205150927,NA,6,6,6,6,6,6,6,6,6,6,6,6,6,6,6,6,6,6,6,6,6,6,6,6,6,6,6,6,6,6,6,5
"2023-04-01",131075528.404848,131169690.516283,114714323.152067,154993468.669273,113746396.19675,24254168.9231652,21503406.8880739,2909077.41734191,23738062.3804177,16531615.2964543,16284452.4701051,10383514.9419162,0.125523974657863,0.124388545624746,0.0796857362697472,11762521.4466266,10469127.2457746,10882644.4813256,10568043.4266136,0.0970380933213501,6111073.69332995,5281133,311139.916599771,5238487.07309381,4324474.8346324,1377477.38713069,6240.73948458958,5740.00920056842,3873.25791661584,3922.83982070414,4141.766560895,NA,6,6,6,6,6,6,6,6,6,6,6,6,6,6,6,6,6,6,6,6,6,6,6,6,6,6,6,6,6,6,6,5
"2023-07-01",131192782.240851,131346680.882066,115466335.122724,154023006.690612,114804057.525196,23222132.2997386,20466485.9956539,2869925.34262784,23229334.6234487,16201303.8686768,16083238.6301663,10162952.1124258,0.122959654713803,0.122203394963152,0.0787244260799115,11179356.0485273,9984242.84402573,10820723.3022391,NA,NA,5927918.13858952,6020256,168581.944586438,4828138.64646577,4359010.57765258,586618.439538435,6323.22829785971,5811.36652230288,3856.06988461594,3898.02963101028,NA,NA,6,6,6,6,6,6,6,6,6,6,6,6,6,6,6,6,6,6,-1,-1,6,6,6,6,6,6,6,6,6,6,-1,5
"2023-10-01",131263603.451068,NA,NA,153592750.733149,NA,22274852.8834276,19505921.4440423,2883890.66867113,NA,NA,NA,NA,NA,NA,NA,NA,NA,NA,NA,NA,NA,NA,NA,NA,NA,NA,NA,5824.4854197604,NA,NA,NA,NA,6,-1,-1,6,-1,6,6,6,-1,-1,-1,-1,-1,-1,-1,-1,-1,-1,-1,-1,-1,-1,-1,-1,-1,-1,-1,6,-1,-1,-1,5
