periodicity,seasonadj,geo_level,geography,ind_level,industry,ownercode,sex,agegrp,race,ethnicity,education,firmage,firmsize,year,quarter,Emp,EmpEnd,EmpS,EmpTotal,EmpSpv,HirA,HirN,HirR,Sep,HirAEnd,SepBeg,HirAEndRepl,HirAEndR,SepBegR,HirAEndReplR,HirAS,HirNS,SepS,SepSnx,TurnOvrS,FrmJbGn,FrmJbLs,FrmJbC,FrmJbGnS,FrmJbLsS,FrmJbCS,EarnS,EarnBeg,EarnHirAS,EarnHirNS,EarnSepS,Payroll,sEmp,sEmpEnd,sEmpS,sEmpTotal,sEmpSpv,sHirA,sHirN,sHirR,sSep,sHirAEnd,sSepBeg,sHirAEndRepl,sHirAEndR,sSepBegR,sHirAEndReplR,sHirAS,sHirNS,sSepS,sSepSnx,sTurnOvrS,sFrmJbGn,sFrmJbLs,sFrmJbC,sFrmJbGnS,sFrmJbLsS,sFrmJbCS,sEarnS,sEarnBeg,sEarnHirAS,sEarnHirNS,sEarnSepS,sPayroll,date
Q,U,N,0,A,00,A05,0,A00,A0,A0,E0,0,0,1993,1,,90309234.0,,107107546,,,,,16798377.0,,,,,,,,,,,,,,,,,,,,,,,,-1,6,-1,6,-1,-1,-1,-1,6,-1,-1,-1,-1,-1,-1,-1,-1,-1,-1,-1,-1,-1,-1,-1,-1,-1,-1,-1,-1,-1,-1,5,1993-01-01
Q,U,N,0,A,00,A05,0,A00,A0,A0,E0,0,0,1993,2,86450935.0,92634609.0,74470514.0,113369985,,22631147.0,,,20735278.0,18164096.0,11980421.0,11346392.0,0.203,0.134,0.127,,,,7940199.0,,6817704.0,4921942.0,6183747.0,,,,2112.0,1921.0,,,1298.0,,6,6,6,6,-1,6,-1,-1,6,6,6,6,6,6,6,-1,-1,-1,6,-1,6,6,6,-1,-1,-1,6,6,-1,-1,6,5,1993-04-01
Q,U,N,0,A,00,A05,0,A00,A0,A0,E0,0,0,1993,3,92092782.0,92372311.0,77583484.0,117241070,76665976.0,25148179.0,,,24868808.0,14788827.0,14509298.0,9161470.0,0.16,0.157,0.099,9032829.0,,8100093.0,8636594.0,0.114,5627357.0,5348042.0,279182.0,4486899.0,3554160.0,939084.0,2184.0,1951.0,1336.0,,1427.0,,6,6,6,6,6,6,-1,-1,6,6,6,6,6,6,6,6,-1,6,6,6,6,6,6,6,6,6,6,6,6,-1,6,5,1993-07-01
Q,U,N,0,A,00,A05,0,A00,A0,A0,E0,0,0,1993,4,93088152.0,91746833.0,78861398.0,115659389,78081191.0,22571369.0,,,23912425.0,12885435.0,14226755.0,7770125.0,0.139,0.154,0.084,9489508.0,,8709291.0,7391406.0,0.107,5115310.0,6456505.0,-1341223.0,4864259.0,4083819.0,780294.0,2389.0,2150.0,1398.0,,1504.0,,6,6,6,6,6,6,-1,-1,6,6,6,6,6,6,6,6,-1,6,6,6,6,6,6,6,6,6,6,6,6,-1,6,5,1993-10-01
Q,U,N,0,A,00,A05,0,A00,A0,A0,E0,0,0,1994,1,91917684.0,92946222.0,80178876.0,111436766,79013930.0,19518901.0,15866448.0,3652506.0,18490510.0,12767347.0,11738808.0,7250531.0,0.138,0.127,0.078,8577582.0,,7412860.0,9007337.0,0.11,5516815.0,4488339.0,1028555.0,4320861.0,3156141.0,1164753.0,2118.0,1943.0,1185.0,,1309.0,,6,6,6,6,6,6,6,6,6,6,6,6,6,6,6,6,-1,6,6,6,6,6,6,6,6,6,6,6,6,-1,6,5,1994-01-01
Q,U,N,0,A,00,A05,0,A00,A0,A0,E0,0,0,1994,2,92374522.0,95552524.0,78901155.0,118302481,79711642.0,25927855.0,22048854.0,3878901.0,22749820.0,16651369.0,13473367.0,9032315.0,0.177,0.143,0.096,8138711.0,6999373.0,8949242.0,8905741.0,0.108,7619054.0,4440796.0,3178046.0,3731338.0,4541902.0,-810592.0,2200.0,1989.0,1408.0,1271.0,1333.0,,6,6,6,6,6,6,6,6,6,6,6,6,6,6,6,6,6,6,6,6,6,6,6,6,6,6,6,6,6,6,6,5,1994-04-01
Q,U,N,0,A,00,A05,0,A00,A0,A0,E0,0,0,1994,3,94979845.0,95076740.0,79224973.0,122200692,78483838.0,27220843.0,24207235.0,3013577.0,27123870.0,15851766.0,15754872.0,10166566.0,0.167,0.166,0.107,9588741.0,7973209.0,8847806.0,8845012.0,0.116,5685201.0,5588171.0,96691.0,4529461.0,3788378.0,740952.0,2304.0,2043.0,1393.0,1352.0,1478.0,,6,6,6,6,6,6,6,6,6,6,6,6,6,6,6,6,6,6,6,6,6,6,6,6,6,6,6,6,6,6,6,5,1994-07-01
Q,U,N,0,A,00,A05,0,A00,A0,A0,E0,0,0,1994,4,95771971.0,94644060.0,80881829.0,119691734,79791565.0,23919654.0,20687030.0,3232391.0,25047487.0,13762231.0,14890142.0,8413292.0,0.145,0.156,0.088,10012394.0,8884124.0,8923600.0,7990869.0,0.111,5348939.0,6476920.0,-1127986.0,5058721.0,3969953.0,1090242.0,2390.0,2144.0,1379.0,1328.0,1504.0,,6,6,6,6,6,6,6,6,6,6,6,6,6,6,6,6,6,6,6,6,6,6,6,6,6,6,6,6,6,6,6,5,1994-10-01
Q,U,N,0,A,00,A05,0,A00,A0,A0,E0,0,0,1995,1,95140609.0,96037955.0,82333214.0,116322164,81310611.0,21181330.0,18130482.0,3051028.0,20284192.0,13704741.0,12807395.0,7948065.0,0.143,0.134,0.083,9038357.0,7779305.0,8015881.0,9428972.0,0.112,5756676.0,4859542.0,897270.0,4399357.0,3376859.0,1022737.0,2261.0,2063.0,1286.0,1222.0,1418.0,,6,6,6,6,6,6,6,6,6,6,6,6,6,6,6,6,6,6,6,6,6,6,6,6,6,6,6,6,6,6,6,5,1995-01-01
Q,U,N,0,A,00,A05,0,A00,A0,A0,E0,0,0,1995,2,95360769.0,98461138.0,81189668.0,122263810,81798623.0,26903049.0,21838219.0,5064903.0,23802522.0,17271470.0,14171101.0,9548092.0,0.178,0.146,0.099,8505919.0,7340069.0,9073806.0,9078542.0,0.108,7723377.0,4622658.0,3100652.0,3848207.0,4416347.0,-581357.0,2304.0,2079.0,1449.0,1390.0,1400.0,,6,6,6,6,6,6,6,6,6,6,6,6,6,6,6,6,6,6,6,6,6,6,6,6,6,6,6,6,6,6,6,5,1995-04-01
Q,U,N,0,A,00,A05,0,A00,A0,A0,E0,0,0,1995,3,97742363.0,97739986.0,81561425.0,125076072,80575840.0,27333687.0,21659194.0,5674511.0,27336033.0,16178561.0,16180938.0,10509498.0,0.166,0.166,0.108,10018447.0,8608238.0,9032706.0,9122693.0,0.117,5669063.0,5671447.0,-2262.0,4746932.0,3761255.0,985757.0,2318.0,2056.0,1430.0,1182.0,1512.0,,6,6,6,6,6,6,6,6,6,6,6,6,6,6,6,6,6,6,6,6,6,6,6,6,6,6,6,6,6,6,6,5,1995-07-01
Q,U,N,0,A,00,A05,0,A00,A0,A0,E0,0,0,1995,4,98325618.0,97141338.0,83017162.0,122770411,82038090.0,24438117.0,18816999.0,5621199.0,25629048.0,14124176.0,15308456.0,8787726.0,0.145,0.157,0.09,10174007.0,9163909.0,9190135.0,8151774.0,0.11,5336450.0,6527248.0,-1184254.0,5024705.0,4040987.0,983814.0,2485.0,2230.0,1452.0,1233.0,1552.0,,6,6,6,6,6,6,6,6,6,6,6,6,6,6,6,6,6,6,6,6,6,6,6,6,6,6,6,6,6,6,6,5,1995-10-01
Q,U,N,0,A,00,A05,0,A00,A0,A0,E0,0,0,1996,1,97202330.0,98098659.0,84135116.0,118606045,83104497.0,21358611.0,18381188.0,2977256.0,20507412.0,13963543.0,13067214.0,8161256.0,0.143,0.134,0.084,9226904.0,8112176.0,8164453.0,9630572.0,0.112,5802286.0,4951111.0,896251.0,4415538.0,3353174.0,1063035.0,2360.0,2152.0,1347.0,1136.0,1468.0,,6,6,6,6,6,6,6,6,6,6,6,6,6,6,6,6,6,6,6,6,6,6,6,6,6,6,6,6,6,6,6,5,1996-01-01
Q,U,N,0,A,00,A05,0,A00,A0,A0,E0,0,0,1996,2,97553152.0,100714564.0,83110126.0,124723010,83752908.0,27120256.0,22951888.0,4168340.0,24008451.0,17604438.0,14443027.0,9835790.0,0.178,0.146,0.099,8911900.0,7641424.0,9520788.0,9338015.0,0.11,7768648.0,4656903.0,3161480.0,3968476.0,4577423.0,-610350.0,2390.0,2156.0,1560.0,1523.0,1459.0,,6,6,6,6,6,6,6,6,6,6,6,6,6,6,6,6,6,6,6,6,6,6,6,6,6,6,6,6,6,6,6,5,1996-04-01
Q,U,N,0,A,00,A05,0,A00,A0,A0,E0,0,0,1996,3,100230290.0,100129052.0,83831231.0,127606855,82849337.0,27376539.0,23457670.0,3918707.0,27477744.0,16297821.0,16399058.0,10628520.0,0.163,0.164,0.106,10222327.0,8686084.0,9240470.0,9595047.0,0.118,5669300.0,5770765.0,-101254.0,4794424.0,3812439.0,981855.0,2427.0,2157.0,1507.0,1378.0,1597.0,,6,6,6,6,6,6,6,6,6,6,6,6,6,6,6,6,6,6,6,6,6,6,6,6,6,6,6,6,6,6,6,5,1996-07-01
Q,U,N,0,A,00,A05,0,A00,A0,A0,E0,0,0,1996,4,100403302.0,99423269.0,84701995.0,125482983,84033095.0,25079707.0,20958871.0,4120765.0,26059794.0,14721274.0,15701307.0,9015335.0,0.147,0.157,0.09,10316791.0,9281538.0,9647880.0,8452033.0,0.111,5705939.0,6686051.0,-979983.0,4944355.0,4275553.0,668875.0,2631.0,2363.0,1548.0,1430.0,1672.0,,6,6,6,6,6,6,6,6,6,6,6,6,6,6,6,6,6,6,6,6,6,6,6,6,6,6,6,6,6,6,6,5,1996-10-01
Q,U,N,0,A,00,A05,0,A00,A0,A0,E0,0,0,1997,1,99817164.0,100900721.0,86218883.0,122167324,85022269.0,22350230.0,19499975.0,2850119.0,21266728.0,14681838.0,13598281.0,8593283.0,0.146,0.135,0.086,9690421.0,8482892.0,8493850.0,9971832.0,0.114,6088555.0,5005042.0,1083453.0,4603001.0,3406323.0,1196524.0,2495.0,2275.0,1438.0,1339.0,1562.0,,6,6,6,6,6,6,6,6,6,6,6,6,6,6,6,6,6,6,6,6,6,6,6,6,6,6,6,6,6,6,6,5,1997-01-01
Q,U,N,0,A,00,A05,0,A00,A0,A0,E0,0,0,1997,2,100710392.0,103919693.0,85644642.0,128840301,86108660.0,28129985.0,24082510.0,4047387.0,24920701.0,18275051.0,15065750.0,10318259.0,0.179,0.147,0.101,9400873.0,8188693.0,9869366.0,9773145.0,0.112,7956792.0,4747404.0,3209309.0,4216195.0,4684787.0,-470568.0,2524.0,2276.0,1703.0,1695.0,1560.0,,6,6,6,6,6,6,6,6,6,6,6,6,6,6,6,6,6,6,6,6,6,6,6,6,6,6,6,6,6,6,6,5,1997-04-01
Q,U,N,0,A,00,A05,0,A00,A0,A0,E0,0,0,1997,3,102928651.0,102973081.0,86011014.0,131390052,84903256.0,28461453.0,24394696.0,4066870.0,28417017.0,16962066.0,16917637.0,11044942.0,0.165,0.164,0.107,10740221.0,9133819.0,9632420.0,9958796.0,0.12,5917124.0,5872773.0,44452.0,5003187.0,3895383.0,1107725.0,2558.0,2274.0,1618.0,1512.0,1709.0,,6,6,6,6,6,6,6,6,6,6,6,6,6,6,6,6,6,6,6,6,6,6,6,6,6,6,6,6,6,6,6,5,1997-07-01
Q,U,N,0,A,00,A05,0,A00,A0,A0,E0,0,0,1997,4,103418852.0,102544804.0,87166693.0,129379213,86355876.0,25960352.0,21775216.0,4185034.0,26834442.0,15378111.0,16252159.0,9488396.0,0.149,0.158,0.092,10831233.0,9727705.0,10020269.0,8617775.0,0.112,5889715.0,6763758.0,-874127.0,5165367.0,4354526.0,810978.0,2800.0,2513.0,1697.0,1579.0,1783.0,,6,6,6,6,6,6,6,6,6,6,6,6,6,6,6,6,6,6,6,6,6,6,6,6,6,6,6,6,6,6,6,5,1997-10-01
Q,U,N,0,A,00,A05,0,A00,A0,A0,E0,0,0,1998,1,101994932.0,103805901.0,88228341.0,125468702,87409286.0,22455319.0,19446838.0,3008518.0,21662903.0,15577560.0,13766590.0,9508235.0,0.151,0.134,0.092,10012316.0,8814941.0,8522186.0,10410917.0,0.116,6069324.0,5276850.0,1810999.0,4788557.0,3298374.0,1508955.0,2619.0,2390.0,1561.0,1465.0,1680.0,,6,6,6,6,6,6,6,6,6,6,6,6,6,6,6,6,6,6,6,6,6,6,6,6,6,6,6,6,6,6,6,5,1998-01-01
Q,U,N,0,A,00,A05,0,A00,A0,A0,E0,0,0,1998,2,103714539.0,106369390.0,87873614.0,132394190,88705791.0,28679617.0,22502284.0,6177282.0,26024793.0,18495775.0,15840925.0,10658121.0,0.176,0.151,0.101,9526603.0,8350961.0,10327612.0,10102680.0,0.112,7837654.0,5182867.0,2654870.0,4159133.0,4960085.0,-812449.0,2670.0,2409.0,1789.0,1652.0,1684.0,,6,6,6,6,6,6,6,6,6,6,6,6,6,6,6,6,6,6,6,6,6,6,6,6,6,6,6,6,6,6,6,5,1998-04-01
Q,U,N,0,A,00,A05,0,A00,A0,A0,E0,0,0,1998,3,105984820.0,105853490.0,88436092.0,135234031,87435808.0,29249261.0,21681336.0,7567857.0,29380575.0,17417398.0,17548727.0,11514588.0,0.164,0.166,0.109,11090959.0,9618117.0,10090630.0,10490309.0,0.122,5902810.0,6034153.0,-131361.0,5075922.0,4075564.0,1000363.0,2680.0,2384.0,1719.0,1387.0,1831.0,,6,6,6,6,6,6,6,6,6,6,6,6,6,6,6,6,6,6,6,6,6,6,6,6,6,6,6,6,6,6,6,5,1998-07-01
Q,U,N,0,A,00,A05,0,A00,A0,A0,E0,0,0,1998,4,105970629.0,104858614.0,89077301.0,133164037,88582361.0,27137229.0,20850277.0,6286977.0,28305450.0,15781313.0,16893327.0,9941838.0,0.15,0.16,0.094,11022822.0,10074418.0,10490407.0,8966280.0,0.112,5839475.0,7007660.0,-1112021.0,5108555.0,4576060.0,533595.0,2991.0,2687.0,1828.0,1467.0,1957.0,,6,6,6,6,6,6,6,6,6,6,6,6,6,6,6,6,6,6,6,6,6,6,6,6,6,6,6,6,6,6,6,5,1998-10-01
Q,U,N,0,A,00,A05,0,A00,A0,A0,E0,0,0,1999,1,104998248.0,106203089.0,90662113.0,128864344,89229272.0,23851225.0,20198510.0,3652639.0,22661320.0,15540976.0,14336135.0,9191296.0,0.147,0.136,0.087,10427883.0,9233227.0,8984400.0,10666793.0,0.116,6349680.0,5159795.0,1204813.0,4982249.0,3538766.0,1443849.0,2712.0,2480.0,1590.0,1321.0,1773.0,,6,6,6,6,6,6,6,6,6,6,6,6,6,6,6,6,6,6,6,6,6,6,6,6,6,6,6,6,6,6,6,5,1999-01-01
Q,U,N,0,A,00,A05,0,A00,A0,A0,E0,0,0,1999,2,106039054.0,108787235.0,89850191.0,135480817,90535748.0,29441741.0,24246178.0,5195614.0,26693591.0,18937044.0,16188864.0,10995786.0,0.176,0.151,0.102,9957456.0,8650722.0,10642997.0,10418022.0,0.113,7941258.0,5193038.0,2748218.0,4380450.0,5065918.0,-685508.0,2769.0,2500.0,1899.0,1775.0,1787.0,,6,6,6,6,6,6,6,6,6,6,6,6,6,6,6,6,6,6,6,6,6,6,6,6,6,6,6,6,6,6,6,5,1999-04-01
Q,U,N,0,A,00,A05,0,A00,A0,A0,E0,0,0,1999,3,108527181.0,108438777.0,90472971.0,138490738,89649323.0,29963552.0,26139101.0,3824462.0,30051979.0,17965806.0,18054210.0,11926083.0,0.166,0.166,0.11,11204222.0,9545206.0,10380543.0,10839131.0,0.122,6039722.0,6128171.0,-88418.0,5041329.0,4217694.0,823653.0,2841.0,2529.0,1815.0,1680.0,1972.0,,6,6,6,6,6,6,6,6,6,6,6,6,6,6,6,6,6,6,6,6,6,6,6,6,6,6,6,6,6,6,6,5,1999-07-01
Q,U,N,0,A,00,A05,0,A00,A0,A0,E0,0,0,1999,4,108726615.0,107661543.0,91189947.0,136957813,90715714.0,28231155.0,24352824.0,3878309.0,29296262.0,16471595.0,17536668.0,10418194.0,0.152,0.162,0.096,11341655.0,10086199.0,10867242.0,9716469.0,0.115,6053402.0,7118505.0,-1065172.0,5238694.0,4764264.0,474471.0,3145.0,2827.0,1921.0,1835.0,2112.0,,6,6,6,6,6,6,6,6,6,6,6,6,6,6,6,6,6,6,6,6,6,6,6,6,6,6,6,6,6,6,6,5,1999-10-01
Q,U,N,0,A,00,A05,0,A00,A0,A0,E0,0,0,2000,1,107668459.0,108783068.0,92182026.0,133312592,91180420.0,25644103.0,22344558.0,3299539.0,24529493.0,16601042.0,15486433.0,10043505.0,0.153,0.143,0.093,10722791.0,9324176.0,9721179.0,11151477.0,0.119,6557538.0,5442919.0,1114619.0,4862541.0,3860934.0,1001657.0,3002.0,2731.0,1774.0,1714.0,1992.0,,6,6,6,6,6,6,6,6,6,6,6,6,6,6,6,6,6,6,6,6,6,6,6,6,6,6,6,6,6,6,6,5,2000-01-01
Q,U,N,0,A,00,A05,0,A00,A0,A0,E0,0,0,2000,2,108663611.0,111215565.0,91588092.0,139258503,92026506.0,30594902.0,25813658.0,4781246.0,28042921.0,19627473.0,17075519.0,11653724.0,0.179,0.155,0.106,10505980.0,9163534.0,10935806.0,10680642.0,0.116,7973749.0,5421751.0,2551983.0,4520738.0,4950590.0,-436940.0,2959.0,2667.0,2027.0,2006.0,1929.0,,6,6,6,6,6,6,6,6,6,6,6,6,6,6,6,6,6,6,6,6,6,6,6,6,6,6,6,6,6,6,6,5,2000-04-01
Q,U,N,0,A,00,A05,0,A00,A0,A0,E0,0,0,2000,3,111096090.0,110668833.0,92466606.0,141317296,91487951.0,30221209.0,23679516.0,6541653.0,30648439.0,18202227.0,18629484.0,12164208.0,0.164,0.168,0.11,11611476.0,10133402.0,10632854.0,10849575.0,0.121,6038019.0,6465258.0,-427255.0,5225613.0,4247008.0,978617.0,3017.0,2687.0,1995.0,1674.0,2119.0,,6,6,6,6,6,6,6,6,6,6,6,6,6,6,6,6,6,6,6,6,6,6,6,6,6,6,6,6,6,6,6,5,2000-07-01
Q,U,N,0,A,00,A05,0,A00,A0,A0,E0,0,0,2000,4,110761393.0,109318815.0,93239733.0,138144182,92551040.0,27382800.0,20684888.0,6697890.0,28825417.0,16079081.0,17521660.0,10234169.0,0.146,0.159,0.093,11528733.0,10341245.0,10840607.0,9715412.0,0.114,5844913.0,7287510.0,-1442578.0,5447157.0,4759005.0,689127.0,3253.0,2941.0,2056.0,1722.0,2201.0,,6,6,6,6,6,6,6,6,6,6,6,6,6,6,6,6,6,6,6,6,6,6,6,6,6,6,6,6,6,6,6,5,2000-10-01
Q,U,N,0,A,00,A05,0,A00,A0,A0,E0,0,0,2001,1,109360779.0,109365020.0,94025866.0,133129927,93320410.0,23769170.0,20000562.0,3768622.0,23764905.0,15339154.0,15334913.0,9357767.0,0.14,0.14,0.086,10410574.0,9187436.0,9705169.0,11099120.0,0.114,5981387.0,5977117.0,4240.0,4737282.0,4031847.0,705420.0,3210.0,2927.0,1928.0,1569.0,2139.0,,6,6,6,6,6,6,6,6,6,6,6,6,6,6,6,6,6,6,6,6,6,6,6,6,6,6,6,6,6,6,6,5,2001-01-01
Q,U,N,0,A,00,A05,0,A00,A0,A0,E0,0,0,2001,2,109266796.0,110730121.0,92868727.0,137214027,93938444.0,27947222.0,23011293.0,4935942.0,26483905.0,17861394.0,16398070.0,10458378.0,0.162,0.149,0.095,10013847.0,8639101.0,11079139.0,10465320.0,0.11,7403016.0,5939688.0,1463306.0,4256435.0,5321706.0,-1066362.0,3070.0,2782.0,2139.0,2056.0,2038.0,,6,6,6,6,6,6,6,6,6,6,6,6,6,6,6,6,6,6,6,6,6,6,6,6,6,6,6,6,6,6,6,5,2001-04-01
Q,U,N,0,A,00,A05,0,A00,A0,A0,E0,0,0,2001,3,110669370.0,109032733.0,92997579.0,137407428,92747333.0,26738070.0,22800816.0,3937259.0,28374700.0,16035154.0,17671791.0,10799246.0,0.146,0.161,0.098,10705311.0,9043627.0,10455081.0,10563783.0,0.114,5235908.0,6872542.0,-1636647.0,4868441.0,4618199.0,250246.0,3046.0,2730.0,1963.0,1794.0,2158.0,,6,6,6,6,6,6,6,6,6,6,6,6,6,6,6,6,6,6,6,6,6,6,6,6,6,6,6,6,6,6,6,5,2001-07-01
Q,U,N,0,A,00,A05,0,A00,A0,A0,E0,0,0,2001,4,109048453.0,106584613.0,92793837.0,132502872,93007813.0,23454396.0,19264200.0,4190203.0,25918245.0,13790777.0,16254617.0,8675060.0,0.128,0.151,0.08,10354879.0,9146364.0,10568853.0,9019687.0,0.104,5115717.0,7579541.0,-2463833.0,4899117.0,5113097.0,-213974.0,3271.0,2975.0,1977.0,1868.0,2240.0,,6,6,6,6,6,6,6,6,6,6,6,6,6,6,6,6,6,6,6,6,6,6,6,6,6,6,6,6,6,6,6,5,2001-10-01
Q,U,N,0,A,00,A05,0,A00,A0,A0,E0,0,0,2002,1,106620581.0,106687549.0,92932700.0,127518796,92825047.0,20898223.0,17855481.0,3042693.0,20831239.0,13754849.0,13687881.0,8102055.0,0.129,0.128,0.076,9130738.0,7782348.0,9023088.0,10018245.0,0.103,5652794.0,5585832.0,66975.0,4213319.0,4105648.0,107643.0,3197.0,2945.0,1813.0,1727.0,2090.0,,6,6,6,6,6,6,6,6,6,6,6,6,6,6,6,6,6,6,6,6,6,6,6,6,6,6,6,6,6,6,6,5,2002-01-01
Q,U,N,0,A,00,A05,0,A00,A0,A0,E0,0,0,2002,2,106646220.0,108749113.0,91909579.0,132358216,92897441.0,25712015.0,21663591.0,4048413.0,23609094.0,16839534.0,14736642.0,9576440.0,0.156,0.137,0.089,9025461.0,7599667.0,10013302.0,9620184.0,0.101,7263094.0,5160227.0,2102906.0,3986806.0,4974673.0,-987864.0,3093.0,2822.0,2075.0,2053.0,1996.0,,6,6,6,6,6,6,6,6,6,6,6,6,6,6,6,6,6,6,6,6,6,6,6,6,6,6,6,6,6,6,6,5,2002-04-01
Q,U,N,0,A,00,A05,0,A00,A0,A0,E0,0,0,2002,3,108688870.0,107898017.0,92409811.0,133998575,91863784.0,25309707.0,22193729.0,3115981.0,26100575.0,15488207.0,16279060.0,10156598.0,0.143,0.15,0.094,10161236.0,8353591.0,9615224.0,9936122.0,0.109,5331609.0,6122490.0,-790894.0,4701028.0,4154983.0,546038.0,3089.0,2782.0,1935.0,1897.0,2121.0,,6,6,6,6,6,6,6,6,6,6,6,6,6,6,6,6,6,6,6,6,6,6,6,6,6,6,6,6,6,6,6,5,2002-07-01
Q,U,N,0,A,00,A05,0,A00,A0,A0,E0,0,0,2002,4,107910465.0,106258734.0,92605378.0,130557145,92417910.0,22646693.0,19246732.0,3399974.0,24298418.0,13653356.0,15305086.0,8340066.0,0.128,0.143,0.078,10128515.0,8852082.0,9940982.0,8580685.0,0.101,5313290.0,6965035.0,-1651728.0,4890186.0,4702647.0,187560.0,3328.0,3036.0,1991.0,1930.0,2188.0,,6,6,6,6,6,6,6,6,6,6,6,6,6,6,6,6,6,6,6,6,6,6,6,6,6,6,6,6,6,6,6,5,2002-10-01
Q,U,N,0,A,00,A05,0,A00,A0,A0,E0,0,0,2003,1,106323345.0,106087563.0,93152877.0,125891320,92656728.0,19567990.0,16647098.0,2920885.0,19803761.0,12934685.0,13170468.0,7716051.0,0.122,0.124,0.073,9088419.0,7753967.0,8592271.0,9623489.0,0.1,5218634.0,5454424.0,-235776.0,4229003.0,3732891.0,496121.0,3231.0,2975.0,1838.0,1795.0,2042.0,,6,6,6,6,6,6,6,6,6,6,6,6,6,6,6,6,6,6,6,6,6,6,6,6,6,6,6,6,6,6,6,5,2003-01-01
Q,U,N,0,A,00,A05,0,A00,A0,A0,E0,0,0,2003,2,106020628.0,107986091.0,92090559.0,129972437,93094888.0,23951775.0,19878022.0,4073774.0,21986333.0,15895531.0,13930069.0,8858269.0,0.149,0.13,0.083,8612673.0,7339477.0,9616956.0,9276378.0,0.097,7037262.0,5071795.0,1965441.0,3817534.0,4821823.0,-1004310.0,3146.0,2880.0,2073.0,2052.0,2010.0,,6,6,6,6,6,6,6,6,6,6,6,6,6,6,6,6,6,6,6,6,6,6,6,6,6,6,6,6,6,6,6,5,2003-04-01
Q,U,N,0,A,00,A05,0,A00,A0,A0,E0,0,0,2003,3,107953066.0,107457508.0,92538043.0,131998866,92057696.0,24045799.0,21004657.0,3041134.0,24541359.0,14919464.0,15415023.0,9669572.0,0.139,0.143,0.09,9751274.0,8024994.0,9270896.0,9647532.0,0.105,5249893.0,5745447.0,-495560.0,4543305.0,4062903.0,480372.0,3175.0,2873.0,1980.0,1903.0,2131.0,,6,6,6,6,6,6,6,6,6,6,6,6,6,6,6,6,6,6,6,6,6,6,6,6,6,6,6,6,6,6,6,5,2003-07-01
Q,U,N,0,A,00,A05,0,A00,A0,A0,E0,0,0,2003,4,107512174.0,106498779.0,92756246.0,130080652,92583880.0,22568479.0,19107342.0,3461118.0,23581873.0,13742534.0,14755928.0,8293905.0,0.128,0.138,0.078,9828049.0,8646872.0,9655619.0,8403651.0,0.098,5448629.0,6462039.0,-1013399.0,4668448.0,4496000.0,172447.0,3465.0,3163.0,2036.0,1971.0,2254.0,,6,6,6,6,6,6,6,6,6,6,6,6,6,6,6,6,6,6,6,6,6,6,6,6,6,6,6,6,6,6,6,5,2003-10-01
Q,U,N,0,A,00,A05,0,A00,A0,A0,E0,0,0,2004,1,106521461.0,107160734.0,93571904.0,126684591,92773135.0,20163141.0,17300761.0,2862404.0,19523838.0,13588830.0,12949557.0,7918911.0,0.127,0.121,0.074,9211812.0,7854601.0,8413041.0,9688140.0,0.101,5669919.0,5030616.0,639293.0,4322031.0,3523245.0,798782.0,3362.0,3104.0,1849.0,1796.0,2102.0,,6,6,6,6,6,6,6,6,6,6,6,6,6,6,6,6,6,6,6,6,6,6,6,6,6,6,6,6,6,6,6,5,2004-01-01
Q,U,N,0,A,00,A05,0,A00,A0,A0,E0,0,0,2004,2,107121024.0,109841150.0,92915450.0,132560866,93535542.0,25439864.0,21453908.0,3985953.0,22719710.0,16925700.0,14205574.0,9457393.0,0.156,0.131,0.087,9059927.0,7804963.0,9679493.0,9457689.0,0.1,7468308.0,4748123.0,2720169.0,4034851.0,4654422.0,-619730.0,3254.0,2972.0,2195.0,2185.0,2032.0,,6,6,6,6,6,6,6,6,6,6,6,6,6,6,6,6,6,6,6,6,6,6,6,6,6,6,6,6,6,6,6,5,2004-04-01
Q,U,N,0,A,00,A05,0,A00,A0,A0,E0,0,0,2004,3,109839792.0,109420636.0,93853854.0,134783588,92892697.0,24943799.0,21590915.0,3352898.0,25362968.0,15566782.0,15985938.0,10258465.0,0.142,0.146,0.094,10440625.0,8778984.0,9479478.0,10008979.0,0.109,5308317.0,5727453.0,-419159.0,4859113.0,3897958.0,961145.0,3301.0,2978.0,2062.0,1957.0,2176.0,,6,6,6,6,6,6,6,6,6,6,6,6,6,6,6,6,6,6,6,6,6,6,6,6,6,6,6,6,6,6,6,5,2004-07-01
Q,U,N,0,A,00,A05,0,A00,A0,A0,E0,0,0,2004,4,109399581.0,108434865.0,94064222.0,133042964,93835928.0,23643416.0,19805349.0,3838083.0,24608116.0,14370643.0,15335359.0,8921583.0,0.132,0.141,0.082,10235889.0,9120021.0,10007593.0,8460831.0,0.099,5449060.0,6413749.0,-964693.0,4710926.0,4482646.0,228309.0,3668.0,3337.0,2191.0,2083.0,2338.0,,6,6,6,6,6,6,6,6,6,6,6,6,6,6,6,6,6,6,6,6,6,6,6,6,6,6,6,6,6,6,6,5,2004-10-01
Q,U,N,0,A,00,A05,0,A00,A0,A0,E0,0,0,2005,1,108402830.0,109240620.0,95311161.0,128993416,94037800.0,20590594.0,17948742.0,2641847.0,19752808.0,13929459.0,13091668.0,8328159.0,0.128,0.12,0.077,9731283.0,8434236.0,8457907.0,10110663.0,0.104,5601299.0,4763485.0,837786.0,4584259.0,3310878.0,1273366.0,3456.0,3180.0,1897.0,1824.0,2119.0,,6,6,6,6,6,6,6,6,6,6,6,6,6,6,6,6,6,6,6,6,6,6,6,6,6,6,6,6,6,6,6,5,2005-01-01
Q,U,N,0,A,00,A05,0,A00,A0,A0,E0,0,0,2005,2,109252047.0,111937762.0,94456672.0,135324875,95319740.0,26072827.0,22272654.0,3800196.0,23387126.0,17481090.0,14795375.0,10025006.0,0.158,0.134,0.091,9249391.0,8023969.0,10112488.0,10074747.0,0.102,7456084.0,4770355.0,2685732.0,3894797.0,4757856.0,-863068.0,3378.0,3077.0,2232.0,2223.0,2096.0,,6,6,6,6,6,6,6,6,6,6,6,6,6,6,6,6,6,6,6,6,6,6,6,6,6,6,6,6,6,6,6,5,2005-04-01
Q,U,N,0,A,00,A05,0,A00,A0,A0,E0,0,0,2005,3,111940651.0,111595117.0,95007501.0,138428612,94460987.0,26487963.0,23668311.0,2819676.0,26833495.0,16587616.0,16933150.0,11078488.0,0.148,0.152,0.099,10622246.0,8950816.0,10075724.0,9951001.0,0.108,5509127.0,5854667.0,-345529.0,4691590.0,4145071.0,546506.0,3517.0,3153.0,2206.0,2183.0,2330.0,,6,6,6,6,6,6,6,6,6,6,6,6,6,6,6,6,6,6,6,6,6,6,6,6,6,6,6,6,6,6,6,5,2005-07-01
Q,U,N,0,A,00,A05,0,A00,A0,A0,E0,0,0,2005,4,111580352.0,110739552.0,95975287.0,135762501,95002315.0,24182164.0,20862609.0,3319562.0,25022956.0,14764265.0,15605065.0,9269455.0,0.133,0.14,0.083,10922261.0,9858234.0,9949314.0,9081993.0,0.104,5494810.0,6335598.0,-840788.0,5181903.0,4208930.0,972988.0,3738.0,3400.0,2207.0,2158.0,2373.0,,6,6,6,6,6,6,6,6,6,6,6,6,6,6,6,6,6,6,6,6,6,6,6,6,6,6,6,6,6,6,6,5,2005-10-01
Q,U,N,0,A,00,A05,0,A00,A0,A0,E0,0,0,2006,1,110705465.0,111493206.0,96692654.0,132789489,95947441.0,22083998.0,19349159.0,2734836.0,21296290.0,14800551.0,14012811.0,9053971.0,0.133,0.126,0.081,9823751.0,8575756.0,9078543.0,10412562.0,0.105,5746580.0,4958850.0,787727.0,4358776.0,3613557.0,745195.0,3788.0,3472.0,2098.0,2076.0,2335.0,,6,6,6,6,6,6,6,6,6,6,6,6,6,6,6,6,6,6,6,6,6,6,6,6,6,6,6,6,6,6,6,5,2006-01-01
Q,U,N,0,A,00,A05,0,A00,A0,A0,E0,0,0,2006,2,111508289.0,114012634.0,96076799.0,138391324,96703990.0,26883013.0,23104065.0,3778971.0,24378683.0,17935835.0,15431490.0,10498380.0,0.159,0.137,0.093,9787552.0,8597341.0,10414769.0,10018779.0,0.103,7437455.0,4933061.0,2504359.0,4094074.0,4721295.0,-627218.0,3541.0,3219.0,2328.0,2326.0,2200.0,,6,6,6,6,6,6,6,6,6,6,6,6,6,6,6,6,6,6,6,6,6,6,6,6,6,6,6,6,6,6,6,5,2006-04-01
Q,U,N,0,A,00,A05,0,A00,A0,A0,E0,0,0,2006,3,114020796.0,113382116.0,96996135.0,140018392,96082887.0,25997626.0,23165707.0,2831925.0,26636292.0,16385982.0,17024661.0,11058177.0,0.144,0.15,0.097,10933121.0,9298125.0,10019859.0,10184933.0,0.109,5327805.0,5966476.0,-638643.0,4898776.0,3985521.0,913278.0,3540.0,3180.0,2215.0,2197.0,2349.0,,6,6,6,6,6,6,6,6,6,6,6,6,6,6,6,6,6,6,6,6,6,6,6,6,6,6,6,6,6,6,6,5,2006-07-01
Q,U,N,0,A,00,A05,0,A00,A0,A0,E0,0,0,2006,4,113371764.0,112447749.0,97619694.0,137592278,96987559.0,24220530.0,20870067.0,3350441.0,25144526.0,14828055.0,15752070.0,9279825.0,0.131,0.14,0.082,10815619.0,9726124.0,10183472.0,9134489.0,0.102,5548230.0,6472254.0,-924002.0,5016586.0,4384446.0,632130.0,3897.0,3547.0,2301.0,2256.0,2483.0,,6,6,6,6,6,6,6,6,6,6,6,6,6,6,6,6,6,6,6,6,6,6,6,6,6,6,6,6,6,6,6,5,2006-10-01
Q,U,N,0,A,00,A05,0,A00,A0,A0,E0,0,0,2007,1,112421565.0,112939132.0,98368392.0,134071175,97599116.0,21649610.0,18951581.0,2698021.0,21132013.0,14570740.0,14053172.0,8925667.0,0.129,0.125,0.079,9900838.0,8594407.0,9131553.0,10485475.0,0.104,5645072.0,5127474.0,517584.0,4477666.0,3708365.0,769295.0,3953.0,3631.0,2140.0,2148.0,2432.0,,6,6,6,6,6,6,6,6,6,6,6,6,6,6,6,6,6,6,6,6,6,6,6,6,6,6,6,6,6,6,6,5,2007-01-01
Q,U,N,0,A,00,A05,0,A00,A0,A0,E0,0,0,2007,2,112962146.0,115321021.0,97532683.0,139802598,98386704.0,26840453.0,22971747.0,3868697.0,24481570.0,17788338.0,15429463.0,10381504.0,0.156,0.135,0.091,9634490.0,8432185.0,10488485.0,10051218.0,0.101,7406835.0,5047945.0,2358897.0,3996642.0,4850652.0,-854002.0,3683.0,3353.0,2423.0,2433.0,2311.0,,6,6,6,6,6,6,6,6,6,6,6,6,6,6,6,6,6,6,6,6,6,6,6,6,6,6,6,6,6,6,6,5,2007-04-01
Q,U,N,0,A,00,A05,0,A00,A0,A0,E0,0,0,2007,3,115330497.0,114427855.0,98374374.0,140792511,97539975.0,25462014.0,22713774.0,2748239.0,26364678.0,16053481.0,16956123.0,10855444.0,0.14,0.148,0.094,10886779.0,9244345.0,10052402.0,10334133.0,0.108,5198037.0,6100700.0,-902654.0,4891384.0,4056997.0,834376.0,3673.0,3310.0,2284.0,2276.0,2457.0,,6,6,6,6,6,6,6,6,6,6,6,6,6,6,6,6,6,6,6,6,6,6,6,6,6,6,6,6,6,6,6,5,2007-07-01
Q,U,N,0,A,00,A05,0,A00,A0,A0,E0,0,0,2007,4,114416346.0,113226169.0,98614916.0,138104003,98364798.0,23687667.0,20322732.0,3364918.0,24877846.0,14611253.0,15801430.0,9087760.0,0.128,0.139,0.08,10582973.0,9549827.0,10332861.0,9086533.0,0.1,5523493.0,6713689.0,-1190185.0,4862808.0,4612698.0,250126.0,4029.0,3671.0,2372.0,2349.0,2614.0,,6,6,6,6,6,6,6,6,6,6,6,6,6,6,6,6,6,6,6,6,6,6,6,6,6,6,6,6,6,6,6,5,2007-10-01
Q,U,N,0,A,00,A05,0,A00,A0,A0,E0,0,0,2008,1,113209920.0,112938571.0,99269377.0,133304653,98601824.0,20094753.0,17458779.0,2635975.0,20366129.0,13669194.0,13940543.0,8442807.0,0.121,0.123,0.075,9752340.0,8471876.0,9084751.0,10109203.0,0.1,5226387.0,5497747.0,-271366.0,4451057.0,3783512.0,667539.0,4022.0,3699.0,2193.0,2201.0,2474.0,,6,6,6,6,6,6,6,6,6,6,6,6,6,6,6,6,6,6,6,6,6,6,6,6,6,6,6,6,6,6,6,5,2008-01-01
Q,U,N,0,A,00,A05,0,A00,A0,A0,E0,0,0,2008,2,112965238.0,114536283.0,98378589.0,136819370,99291322.0,23854141.0,20209479.0,3644668.0,22283100.0,16157694.0,14586649.0,9346025.0,0.142,0.128,0.082,9199587.0,8002871.0,10112326.0,9787661.0,0.096,6811669.0,5240619.0,1571060.0,3881613.0,4794326.0,-912755.0,3732.0,3417.0,2485.0,2506.0,2334.0,,6,6,6,6,6,6,6,6,6,6,6,6,6,6,6,6,6,6,6,6,6,6,6,6,6,6,6,6,6,6,6,5,2008-04-01
Q,U,N,0,A,00,A05,0,A00,A0,A0,E0,0,0,2008,3,114553895.0,112847225.0,98470631.0,137181267,98393177.0,22627350.0,19928582.0,2698791.0,24334015.0,14376594.0,16083263.0,9713680.0,0.126,0.141,0.085,9867091.0,8300879.0,9789622.0,10542250.0,0.104,4662914.0,6369558.0,-1706664.0,4388831.0,4311377.0,77445.0,3744.0,3396.0,2353.0,2351.0,2501.0,,6,6,6,6,6,6,6,6,6,6,6,6,6,6,6,6,6,6,6,6,6,6,6,6,6,6,6,6,6,6,6,5,2008-07-01
Q,U,N,0,A,00,A05,0,A00,A0,A0,E0,0,0,2008,4,112841115.0,109464116.0,97427633.0,132345104,98465947.0,19503982.0,16313779.0,3190180.0,22880985.0,12036483.0,15413482.0,7450693.0,0.108,0.139,0.067,9503602.0,8504770.0,10541927.0,8691483.0,0.093,4585790.0,7962813.0,-3377018.0,4336744.0,5375021.0,-1038302.0,4065.0,3727.0,2422.0,2394.0,2735.0,,6,6,6,6,6,6,6,6,6,6,6,6,6,6,6,6,6,6,6,6,6,6,6,6,6,6,6,6,6,6,6,5,2008-10-01
Q,U,N,0,A,00,A05,0,A00,A0,A0,E0,0,0,2009,1,109442725.0,107026174.0,96987700.0,124007279,97410044.0,14564553.0,12308848.0,2255722.0,16981078.0,10038474.0,12455025.0,6038340.0,0.093,0.115,0.056,8266902.0,7045493.0,8689238.0,8921780.0,0.089,4000135.0,6416651.0,-2416542.0,3950775.0,4373093.0,-422324.0,3823.0,3560.0,2185.0,2196.0,2523.0,,6,6,6,6,6,6,6,6,6,6,6,6,6,6,6,6,6,6,6,6,6,6,6,6,6,6,6,6,6,6,6,5,2009-01-01
Q,U,N,0,A,00,A05,0,A00,A0,A0,E0,0,0,2009,2,107053552.0,107675460.0,95053793.0,125137935,97011299.0,18084397.0,14538262.0,3546109.0,17462484.0,12621668.0,11999759.0,6670099.0,0.118,0.112,0.062,6967425.0,5963628.0,8924920.0,8290709.0,0.08,5951568.0,5329656.0,621916.0,3095829.0,5053307.0,-1957479.0,3647.0,3398.0,2410.0,2464.0,2373.0,,6,6,6,6,6,6,6,6,6,6,6,6,6,6,6,6,6,6,6,6,6,6,6,6,6,6,6,6,6,6,6,5,2009-04-01
Q,U,N,0,A,00,A05,0,A00,A0,A0,E0,0,0,2009,3,107695221.0,106320675.0,94876907.0,125251364,95070602.0,17556133.0,14974330.0,2581842.0,18930703.0,11443768.0,12818314.0,7196059.0,0.107,0.12,0.067,8098929.0,6472599.0,8292608.0,8800042.0,0.089,4247710.0,5622264.0,-1374567.0,3878675.0,4072354.0,-193702.0,3671.0,3385.0,2248.0,2220.0,2484.0,,6,6,6,6,6,6,6,6,6,6,6,6,6,6,6,6,6,6,6,6,6,6,6,6,6,6,6,6,6,6,6,5,2009-07-01
Q,U,N,0,A,00,A05,0,A00,A0,A0,E0,0,0,2009,4,106309360.0,104580981.0,93889628.0,123405737,94867100.0,17096349.0,14090874.0,3005480.0,18824752.0,10691353.0,12419732.0,6240119.0,0.101,0.118,0.059,7821955.0,6810027.0,8799428.0,6989354.0,0.079,4451235.0,6179626.0,-1728405.0,3647930.0,4625411.0,-977453.0,4134.0,3834.0,2389.0,2369.0,2689.0,,6,6,6,6,6,6,6,6,6,6,6,6,6,6,6,6,6,6,6,6,6,6,6,6,6,6,6,6,6,6,6,5,2009-10-01
Q,U,N,0,A,00,A05,0,A00,A0,A0,E0,0,0,2010,1,104587250.0,104752323.0,94595411.0,118779258,93896244.0,14192026.0,12045667.0,2146347.0,14026917.0,10156912.0,9991839.0,5694528.0,0.097,0.095,0.054,7688708.0,6465093.0,6989550.0,8374607.0,0.085,4462383.0,4297312.0,165097.0,3829815.0,3130653.0,699187.0,3853.0,3617.0,2091.0,2100.0,2362.0,,6,6,6,6,6,6,6,6,6,6,6,6,6,6,6,6,6,6,6,6,6,6,6,6,6,6,6,6,6,6,6,5,2010-01-01
Q,U,N,0,A,00,A05,0,A00,A0,A0,E0,0,0,2010,2,104774273.0,107364997.0,93386323.0,124420443,94610074.0,19646165.0,16183287.0,3462887.0,17055458.0,13978674.0,11387950.0,7257029.0,0.132,0.107,0.068,7145531.0,6130196.0,8368924.0,8063073.0,0.081,6721645.0,4130921.0,2590727.0,3189012.0,4412416.0,-1224401.0,3792.0,3528.0,2540.0,2571.0,2376.0,,6,6,6,6,6,6,6,6,6,6,6,6,6,6,6,6,6,6,6,6,6,6,6,6,6,6,6,6,6,6,6,5,2010-04-01
Q,U,N,0,A,00,A05,0,A00,A0,A0,E0,0,0,2010,3,107376623.0,107257925.0,94464429.0,126608697,93392603.0,19232075.0,16485194.0,2746865.0,19350762.0,12793496.0,12912194.0,8011160.0,0.119,0.12,0.075,9118687.0,7526215.0,8046874.0,8786414.0,0.095,4782336.0,4901039.0,-118693.0,4443779.0,3371940.0,1071836.0,3860.0,3547.0,2394.0,2298.0,2553.0,,6,6,6,6,6,6,6,6,6,6,6,6,6,6,6,6,6,6,6,6,6,6,6,6,6,6,6,6,6,6,6,5,2010-07-01
Q,U,N,0,A,00,A05,0,A00,A0,A0,E0,0,0,2010,4,107258017.0,106146264.0,94516474.0,125456256,94464434.0,18198236.0,15086408.0,3111793.0,19309991.0,11629790.0,12741543.0,6885927.0,0.109,0.119,0.065,8838420.0,7952925.0,8786348.0,7285074.0,0.085,4743863.0,5855624.0,-1111768.0,4204488.0,4152429.0,52069.0,4314.0,3992.0,2559.0,2456.0,2872.0,,6,6,6,6,6,6,6,6,6,6,6,6,6,6,6,6,6,6,6,6,6,6,6,6,6,6,6,6,6,6,6,5,2010-10-01
Q,U,N,0,A,00,A05,0,A00,A0,A0,E0,0,0,2011,1,106146285.0,106534001.0,95588012.0,121387139,94515854.0,15240863.0,13192363.0,2048480.0,14853141.0,10945989.0,10558273.0,6290554.0,0.103,0.099,0.059,8356594.0,7285957.0,7284453.0,8619020.0,0.089,4655435.0,4267718.0,387715.0,4085426.0,3013283.0,1072139.0,4124.0,3857.0,2217.0,2169.0,2519.0,,6,6,6,6,6,6,6,6,6,6,6,6,6,6,6,6,6,6,6,6,6,6,6,6,6,6,6,6,6,6,6,5,2011-01-01
Q,U,N,0,A,00,A05,0,A00,A0,A0,E0,0,0,2011,2,106534010.0,109284663.0,94703879.0,126903295,95587669.0,20369277.0,16991089.0,3378187.0,17618604.0,14580784.0,11830131.0,7747316.0,0.135,0.11,0.072,7734859.0,6802682.0,8618690.0,8501843.0,0.086,6833468.0,4082803.0,2750658.0,3335018.0,4218844.0,-883786.0,3924.0,3644.0,2600.0,2642.0,2451.0,,6,6,6,6,6,6,6,6,6,6,6,6,6,6,6,6,6,6,6,6,6,6,6,6,6,6,6,6,6,6,6,5,2011-04-01
Q,U,N,0,A,00,A05,0,A00,A0,A0,E0,0,0,2011,3,109284677.0,109274952.0,95629486.0,129698578,94703876.0,20413919.0,18018821.0,2395108.0,20423647.0,13645466.0,13655191.0,8681315.0,0.125,0.125,0.079,9427443.0,7867861.0,8501830.0,8615037.0,0.094,4964151.0,4973873.0,-9713.0,4405676.0,3480096.0,925595.0,4067.0,3723.0,2547.0,2555.0,2693.0,,6,6,6,6,6,6,6,6,6,6,6,6,6,6,6,6,6,6,6,6,6,6,6,6,6,6,6,6,6,6,6,5,2011-07-01
Q,U,N,0,A,00,A05,0,A00,A0,A0,E0,0,0,2011,4,109274969.0,108429779.0,96546780.0,127683832,95629468.0,18408849.0,15606880.0,2801952.0,19254031.0,11882999.0,12728189.0,7021874.0,0.109,0.117,0.065,9532325.0,8617711.0,8615052.0,7745631.0,0.089,4861125.0,5706328.0,-845188.0,4741762.0,3824462.0,917281.0,4232.0,3924.0,2582.0,2530.0,2724.0,,6,6,6,6,6,6,6,6,6,6,6,6,6,6,6,6,6,6,6,6,6,6,6,6,6,6,6,6,6,6,6,5,2011-10-01
Q,U,N,0,A,00,A05,0,A00,A0,A0,E0,0,0,2012,1,108429816.0,109123065.0,97199767.0,125049489,96546766.0,16619682.0,14478198.0,2141468.0,15926428.0,11923298.0,11230049.0,6916503.0,0.11,0.103,0.064,8398616.0,7306101.0,7745632.0,8932538.0,0.089,5006795.0,4313533.0,693258.0,3866144.0,3213146.0,653007.0,4347.0,4053.0,2378.0,2390.0,2643.0,,6,6,6,6,6,6,6,6,6,6,6,6,6,6,6,6,6,6,6,6,6,6,6,6,6,6,6,6,6,6,6,5,2012-01-01
Q,U,N,0,A,00,A05,0,A00,A0,A0,E0,0,0,2012,2,109123076.0,111833390.0,96653119.0,130424447,97199768.0,21301379.0,17995873.0,3305522.0,18591063.0,15180271.0,12469957.0,8243528.0,0.137,0.113,0.075,8385884.0,7435139.0,8932558.0,8577196.0,0.088,6936743.0,4226407.0,2710318.0,3670584.0,4217240.0,-546665.0,4011.0,3712.0,2649.0,2690.0,2491.0,,6,6,6,6,6,6,6,6,6,6,6,6,6,6,6,6,6,6,6,6,6,6,6,6,6,6,6,6,6,6,6,5,2012-04-01
Q,U,N,0,A,00,A05,0,A00,A0,A0,E0,0,0,2012,3,111833394.0,111589372.0,97851005.0,132216290,96653110.0,20382895.0,18056801.0,2326088.0,20626892.0,13738367.0,13982389.0,8864773.0,0.123,0.125,0.079,9775086.0,8316854.0,8577213.0,9035656.0,0.096,4873593.0,5117615.0,-244026.0,4607593.0,3409714.0,1197865.0,4022.0,3680.0,2492.0,2485.0,2661.0,,6,6,6,6,6,6,6,6,6,6,6,6,6,6,6,6,6,6,6,6,6,6,6,6,6,6,6,6,6,6,6,5,2012-07-01
Q,U,N,0,A,00,A05,0,A00,A0,A0,E0,0,0,2012,4,111589372.0,110745609.0,98398518.0,130723466,97850992.0,19134089.0,16308003.0,2826091.0,19977878.0,12347091.0,13190854.0,7402163.0,0.111,0.119,0.067,9583181.0,8686914.0,9035663.0,7950178.0,0.089,4944928.0,5788681.0,-843768.0,4579798.0,4032284.0,547517.0,4479.0,4145.0,2607.0,2577.0,3054.0,,6,6,6,6,6,6,6,6,6,6,6,6,6,6,6,6,6,6,6,6,6,6,6,6,6,6,6,6,6,6,6,5,2012-10-01
Q,U,N,0,A,00,A05,0,A00,A0,A0,E0,0,0,2013,1,110745587.0,111272811.0,99098724.0,127660605,98398467.0,16915033.0,14747368.0,2167660.0,16387800.0,12174087.0,11646863.0,7176567.0,0.11,0.105,0.065,8650417.0,7594581.0,7950179.0,9228749.0,0.09,4997520.0,4470263.0,527217.0,3943122.0,3242883.0,700260.0,4381.0,4076.0,2376.0,2397.0,2655.0,,6,6,6,6,6,6,6,6,6,6,6,6,6,6,6,6,6,6,6,6,6,6,6,6,6,6,6,6,6,6,6,5,2013-01-01
Q,U,N,0,A,00,A05,0,A00,A0,A0,E0,0,0,2013,2,111272898.0,114121368.0,98378743.0,133271397,99098783.0,21998500.0,18622741.0,3375774.0,19150047.0,15742625.0,12894155.0,8681853.0,0.14,0.114,0.077,8508669.0,7559987.0,9228745.0,9008664.0,0.089,7060772.0,4212301.0,2848450.0,3628397.0,4348465.0,-720069.0,4100.0,3789.0,2703.0,2749.0,2542.0,,6,6,6,6,6,6,6,6,6,6,6,6,6,6,6,6,6,6,6,6,6,6,6,6,6,6,6,6,6,6,6,5,2013-04-01
Q,U,N,0,A,00,A05,0,A00,A0,A0,E0,0,0,2013,3,114121331.0,113926511.0,99436077.0,135600646,98378727.0,21479290.0,19146485.0,2332819.0,21674148.0,14490434.0,14685254.0,9519262.0,0.127,0.129,0.083,10066006.0,8572526.0,9008658.0,9374443.0,0.098,4971172.0,5166061.0,-194845.0,4591669.0,3534353.0,1057343.0,4111.0,3751.0,2515.0,2517.0,2691.0,,6,6,6,6,6,6,6,6,6,6,6,6,6,6,6,6,6,6,6,6,6,6,6,6,6,6,6,6,6,6,6,5,2013-07-01
Q,U,N,0,A,00,A05,0,A00,A0,A0,E0,0,0,2013,4,113926498.0,113347175.0,100109258.0,134267800,99436066.0,20341294.0,17547839.0,2793469.0,20920640.0,13237917.0,13817240.0,8029678.0,0.116,0.122,0.071,10047626.0,9185653.0,9374421.0,8182039.0,0.091,5208239.0,5787587.0,-579333.0,4708643.0,4035439.0,673199.0,4480.0,4132.0,2695.0,2587.0,2874.0,,6,6,6,6,6,6,6,6,6,6,6,6,6,6,6,6,6,6,6,6,6,6,6,6,6,6,6,6,6,6,6,5,2013-10-01
Q,U,N,0,A,00,A05,0,A00,A0,A0,E0,0,0,2014,1,113347172.0,113722606.0,101133193.0,130881405,100109254.0,17534244.0,15396667.0,2137575.0,17158811.0,12589413.0,12213979.0,7605138.0,0.111,0.108,0.067,9205967.0,8144667.0,8182018.0,9717532.0,0.094,4984275.0,4608832.0,375438.0,4171252.0,3147322.0,1023945.0,4547.0,4221.0,2396.0,2420.0,2750.0,,6,6,6,6,6,6,6,6,6,6,6,6,6,6,6,6,6,6,6,6,6,6,6,6,6,6,6,6,6,6,6,5,2014-01-01
Q,U,N,0,A,00,A05,0,A00,A0,A0,E0,0,0,2014,2,113722662.0,116780784.0,100147850.0,137015141,101133199.0,23292474.0,19877022.0,3415453.0,20234342.0,16632934.0,13574812.0,9334780.0,0.144,0.118,0.081,8732205.0,7806697.0,9717560.0,9376606.0,0.09,7298154.0,4240043.0,3058112.0,3564200.0,4549563.0,-985366.0,4203.0,3872.0,2744.0,2792.0,2609.0,,6,6,6,6,6,6,6,6,6,6,6,6,6,6,6,6,6,6,6,6,6,6,6,6,6,6,6,6,6,6,6,5,2014-04-01
Q,U,N,0,A,00,A05,0,A00,A0,A0,E0,0,0,2014,3,116780846.0,116708249.0,101432204.0,139421784,100147885.0,22640942.0,20277246.0,2363694.0,22713524.0,15276045.0,15348642.0,10145382.0,0.131,0.131,0.087,10660933.0,9144426.0,9376625.0,9834721.0,0.101,5130663.0,5203236.0,-72581.0,4814378.0,3530057.0,1284308.0,4232.0,3851.0,2613.0,2611.0,2764.0,,6,6,6,6,6,6,6,6,6,6,6,6,6,6,6,6,6,6,6,6,6,6,6,6,6,6,6,6,6,6,6,5,2014-07-01
Q,U,N,0,A,00,A05,0,A00,A0,A0,E0,0,0,2014,4,116708283.0,116277492.0,102117823.0,138331301,101432182.0,21622997.0,18828136.0,2794881.0,22053798.0,14159669.0,14590460.0,8784261.0,0.122,0.125,0.075,10520372.0,9670334.0,9834743.0,8558433.0,0.093,5375408.0,5806190.0,-430785.0,4762313.0,4076661.0,685616.0,4655.0,4276.0,2737.0,2729.0,2968.0,,6,6,6,6,6,6,6,6,6,6,6,6,6,6,6,6,6,6,6,6,6,6,6,6,6,6,6,6,6,6,6,5,2014-10-01
Q,U,N,0,A,00,A05,0,A00,A0,A0,E0,0,0,2015,1,116277543.0,116552808.0,103376588.0,134635652,102117880.0,18358106.0,16206332.0,2151770.0,18082848.0,13176220.0,12900955.0,8125679.0,0.113,0.111,0.07,9817159.0,8800419.0,8558430.0,10202958.0,0.097,5050541.0,4775258.0,275270.0,4405121.0,3146421.0,1258739.0,4646.0,4302.0,2453.0,2497.0,2858.0,,6,6,6,6,6,6,6,6,6,6,6,6,6,6,6,6,6,6,6,6,6,6,6,6,6,6,6,6,6,6,6,5,2015-01-01
Q,U,N,0,A,00,A05,0,A00,A0,A0,E0,0,0,2015,2,116552819.0,119553368.0,102256340.0,140840311,103376603.0,24287470.0,20827419.0,3460077.0,21286959.0,17297028.0,14296479.0,9871158.0,0.147,0.121,0.084,9082700.0,8184311.0,10202949.0,9830167.0,0.092,7425870.0,4425316.0,3000549.0,3607845.0,4728111.0,-1120255.0,4328.0,3982.0,2811.0,2865.0,2715.0,,6,6,6,6,6,6,6,6,6,6,6,6,6,6,6,6,6,6,6,6,6,6,6,6,6,6,6,6,6,6,6,5,2015-04-01
Q,U,N,0,A,00,A05,0,A00,A0,A0,E0,0,0,2015,3,119549820.0,119380095.0,103475449.0,143306869,102253536.0,23757052.0,21326448.0,2430588.0,23926785.0,15904646.0,16074371.0,10667268.0,0.133,0.135,0.089,11038256.0,9517280.0,9815220.0,10369252.0,0.103,5237379.0,5407100.0,-169733.0,4883815.0,3660775.0,1221916.0,4343.0,3945.0,2680.0,2690.0,2846.0,,6,6,6,6,6,6,6,6,6,6,6,6,6,6,6,6,6,6,6,6,6,6,6,6,6,6,6,6,6,6,6,5,2015-07-01
Q,U,N,0,A,00,A05,0,A00,A0,A0,E0,0,0,2015,4,119379855.0,118661084.0,103948736.0,142336334,103476261.0,22956489.0,20031002.0,2925478.0,23675242.0,14712347.0,15431118.0,9367610.0,0.124,0.13,0.079,10842780.0,9979927.0,10369283.0,8723668.0,0.094,5344737.0,6063484.0,-718747.0,4764499.0,4290983.0,473568.0,4887.0,4470.0,2892.0,2890.0,3130.0,,6,6,6,6,6,6,6,6,6,6,6,6,6,6,6,6,6,6,6,6,6,6,6,6,6,6,6,6,6,6,6,5,2015-10-01
Q,U,N,0,A,00,A05,0,A00,A0,A0,E0,0,0,2016,1,118662247.0,119071324.0,105518046.0,137710910,103950540.0,19048680.0,16870263.0,2178416.0,18639595.0,13553278.0,13144201.0,8397459.0,0.114,0.111,0.071,10292700.0,9243056.0,8724081.0,10350528.0,0.098,5155819.0,4746740.0,409092.0,4720932.0,3152332.0,1568653.0,4629.0,4290.0,2487.0,2512.0,2838.0,,6,6,6,6,6,6,6,6,6,6,6,6,6,6,6,6,6,6,6,6,6,6,6,6,6,6,6,6,6,6,6,5,2016-01-01
Q,U,N,0,A,00,A05,0,A00,A0,A0,E0,0,0,2016,2,119078730.0,121847684.0,104489494.0,143670948,105530780.0,24592213.0,21114095.0,3478097.0,21823264.0,17358190.0,14589236.0,10114361.0,0.144,0.121,0.084,9332589.0,8413241.0,10372700.0,10261755.0,0.094,7243828.0,4474905.0,2768928.0,3676489.0,4716601.0,-1040230.0,4422.0,4067.0,2862.0,2919.0,2752.0,,6,6,6,6,6,6,6,6,6,6,6,6,6,6,6,6,6,6,6,6,6,6,6,6,6,6,6,6,6,6,6,5,2016-04-01
Q,U,N,0,A,00,A05,0,A00,A0,A0,E0,0,0,2016,3,121858303.0,121475766.0,105050180.0,146682463,104499661.0,24824145.0,22311445.0,2512711.0,25206678.0,16425586.0,16808123.0,11182524.0,0.135,0.138,0.092,10814258.0,9349600.0,10262683.0,10128175.0,0.1,5243062.0,5625598.0,-382543.0,4547734.0,3996154.0,551546.0,4601.0,4165.0,2832.0,2852.0,3027.0,,6,6,6,6,6,6,6,6,6,6,6,6,6,6,6,6,6,6,6,6,6,6,6,6,6,6,6,6,6,6,6,5,2016-07-01
Q,U,N,0,A,00,A05,0,A00,A0,A0,E0,0,0,2016,4,121444578.0,120395272.0,106100668.0,144186114,105024329.0,22741539.0,19824812.0,2916733.0,23790861.0,14294605.0,15343910.0,9176059.0,0.118,0.127,0.076,11202904.0,10297632.0,10125508.0,9166413.0,0.096,5118546.0,6167863.0,-1049325.0,5179586.0,4102211.0,1077450.0,4777.0,4384.0,2813.0,2808.0,3065.0,,6,6,6,6,6,6,6,6,6,6,6,6,6,6,6,6,6,6,6,6,6,6,6,6,6,6,6,6,6,6,6,5,2016-10-01
Q,U,N,0,A,00,A05,0,A00,A0,A0,E0,0,0,2017,1,120394217.0,120886164.0,106682187.0,140544646,106101232.0,20150430.0,17874351.0,2276108.0,19658491.0,14203977.0,13712030.0,8882123.0,0.118,0.114,0.074,9748233.0,8743216.0,9166179.0,10577027.0,0.095,5321854.0,4829894.0,491927.0,4083881.0,3501845.0,582099.0,4955.0,4581.0,2635.0,2677.0,3020.0,,6,6,6,6,6,6,6,6,6,6,6,6,6,6,6,6,6,6,6,6,6,6,6,6,6,6,6,6,6,6,6,5,2017-01-01
Q,U,N,0,A,00,A05,0,A00,A0,A0,E0,0,0,2017,2,120907139.0,123703031.0,105845688.0,146227917,106679783.0,25320771.0,21801706.0,3519053.0,22524903.0,17857343.0,15061450.0,10457409.0,0.146,0.123,0.086,9741567.0,8782820.0,10575660.0,10092802.0,0.094,7399934.0,4604067.0,2795888.0,3903544.0,4737654.0,-834074.0,4558.0,4183.0,2973.0,3029.0,2823.0,,6,6,6,6,6,6,6,6,6,6,6,6,6,6,6,6,6,6,6,6,6,6,6,6,6,6,6,6,6,6,6,5,2017-04-01
Q,U,N,0,A,00,A05,0,A00,A0,A0,E0,0,0,2017,3,123716433.0,123205659.0,106998901.0,148022821,105856973.0,24306372.0,21840228.0,2466162.0,24817150.0,16206758.0,16717532.0,11029841.0,0.131,0.135,0.089,11235809.0,9727072.0,10093893.0,10431277.0,0.101,5176917.0,5687699.0,-510769.0,4901702.0,3759772.0,1141938.0,4556.0,4132.0,2823.0,2836.0,2963.0,,6,6,6,6,6,6,6,6,6,6,6,6,6,6,6,6,6,6,6,6,6,6,6,6,6,6,6,6,6,6,6,5,2017-07-01
Q,U,N,0,A,00,A05,0,A00,A0,A0,E0,0,0,2017,4,123174309.0,122536041.0,107614980.0,146523995,106971882.0,23349654.0,20349576.0,3000066.0,23987955.0,14921061.0,15559329.0,9569069.0,0.121,0.127,0.078,11071573.0,10153630.0,10428498.0,9406605.0,0.095,5351992.0,5990305.0,-638283.0,4895983.0,4252897.0,643083.0,4978.0,4563.0,2932.0,2938.0,3206.0,,6,6,6,6,6,6,6,6,6,6,6,6,6,6,6,6,6,6,6,6,6,6,6,6,6,6,6,6,6,6,6,5,2017-10-01
Q,U,N,0,A,00,A05,0,A00,A0,A0,E0,0,0,2018,1,122534736.0,122906957.0,108400895.0,143150927,107613982.0,20616204.0,18269702.0,2346506.0,20243967.0,14506062.0,14133841.0,9234221.0,0.118,0.115,0.075,10193353.0,9119961.0,9406437.0,10801374.0,0.097,5271842.0,4899596.0,372228.0,4299952.0,3513038.0,786922.0,5153.0,4763.0,2731.0,2784.0,3175.0,,6,6,6,6,6,6,6,6,6,6,6,6,6,6,6,6,6,6,6,6,6,6,6,6,6,6,6,6,6,6,6,5,2018-01-01
Q,U,N,0,A,00,A05,0,A00,A0,A0,E0,0,0,2018,2,122921269.0,125848820.0,107501235.0,148988761,108413372.0,26067466.0,22472516.0,3594933.0,23139937.0,18347585.0,15420034.0,10813129.0,0.148,0.124,0.087,9890596.0,8926247.0,10802751.0,10451438.0,0.095,7534456.0,4606938.0,2927538.0,3861909.0,4774054.0,-912149.0,4721.0,4328.0,3101.0,3164.0,3034.0,,6,6,6,6,6,6,6,6,6,6,6,6,6,6,6,6,6,6,6,6,6,6,6,6,6,6,6,6,6,6,6,5,2018-04-01
Q,U,N,0,A,00,A05,0,A00,A0,A0,E0,0,0,2018,3,125861747.0,125383414.0,108604181.0,150987730,107512001.0,25125998.0,22585452.0,2540530.0,25604301.0,16779234.0,17257566.0,11438929.0,0.134,0.137,0.091,11544730.0,10006590.0,10452538.0,10671358.0,0.102,5340304.0,5818619.0,-478331.0,5014689.0,3922495.0,1092173.0,4703.0,4270.0,2953.0,2987.0,3076.0,,6,6,6,6,6,6,6,6,6,6,6,6,6,6,6,6,6,6,6,6,6,6,6,6,6,6,6,6,6,6,6,5,2018-07-01
Q,U,N,0,A,00,A05,0,A00,A0,A0,E0,0,0,2018,4,125355178.0,124614185.0,109298493.0,149251098,108579861.0,23895923.0,20818931.0,3076994.0,24636917.0,15315692.0,16056685.0,9857033.0,0.123,0.128,0.079,11387525.0,10464429.0,10668902.0,9428349.0,0.095,5458658.0,6199648.0,-740977.0,5034848.0,4316225.0,718612.0,5105.0,4677.0,3103.0,3108.0,3333.0,,6,6,6,6,6,6,6,6,6,6,6,6,6,6,6,6,6,6,6,6,6,6,6,6,6,6,6,6,6,6,6,5,2018-10-01
Q,U,N,0,A,00,A05,0,A00,A0,A0,E0,0,0,2019,1,124613648.0,124717353.0,110370049.0,145034059,109298120.0,20420414.0,18079075.0,2341339.0,20316680.0,14347304.0,14243599.0,9173962.0,0.115,0.114,0.074,10500061.0,9409754.0,9428131.0,11052163.0,0.098,5173342.0,5069626.0,103715.0,4523973.0,3452015.0,1071950.0,5285.0,4883.0,2962.0,2960.0,3239.0,,6,6,6,6,6,6,6,6,6,6,6,6,6,6,6,6,6,6,6,6,6,6,6,6,6,6,6,6,6,6,6,5,2019-01-01
Q,U,N,0,A,00,A05,0,A00,A0,A0,E0,0,0,2019,2,124733302.0,127654348.0,109169231.0,150955404,110383928.0,26222104.0,22542632.0,3679460.0,23301058.0,18485117.0,15564071.0,10856298.0,0.146,0.123,0.086,9839043.0,8867785.0,11053742.0,10518322.0,0.093,7628818.0,4707795.0,2921040.0,3756989.0,4971700.0,-1214720.0,4882.0,4481.0,3254.0,3323.0,3083.0,,6,6,6,6,6,6,6,6,6,6,6,6,6,6,6,6,6,6,6,6,6,6,6,6,6,6,6,6,6,6,6,5,2019-04-01
Q,U,N,0,A,00,A05,0,A00,A0,A0,E0,0,0,2019,3,127669588.0,127065247.0,110315088.0,152848515,109182084.0,25178909.0,22620110.0,2558806.0,25783259.0,16750160.0,17354501.0,11503544.0,0.132,0.136,0.09,11652577.0,10054968.0,10519581.0,10874361.0,0.102,5246616.0,5850959.0,-604337.0,5067609.0,3934635.0,1132986.0,4868.0,4417.0,3139.0,3129.0,3214.0,,6,6,6,6,6,6,6,6,6,6,6,6,6,6,6,6,6,6,6,6,6,6,6,6,6,6,6,6,6,6,6,5,2019-07-01
Q,U,N,0,A,00,A05,0,A00,A0,A0,E0,0,0,2019,4,127034420.0,126238377.0,110829238.0,150974220,110288453.0,23939821.0,20871491.0,3068330.0,24735852.0,15409139.0,16205182.0,9865313.0,0.122,0.128,0.078,11412433.0,10487765.0,10871667.0,14596880.0,0.117,5543826.0,6339828.0,-796022.0,5015293.0,4474501.0,540810.0,5306.0,4861.0,3235.0,3242.0,3117.0,,6,6,6,6,6,6,6,6,6,6,6,6,6,6,6,6,6,6,6,6,6,6,6,6,6,6,6,6,6,6,6,5,2019-10-01
Q,U,N,0,A,00,A05,0,A00,A0,A0,E0,0,0,2020,1,126237899.0,118169149.0,105667198.0,146424665,110828979.0,20186791.0,17836487.0,2350287.0,28255534.0,12501952.0,20570702.0,8661936.0,0.102,0.168,0.071,9434780.0,8539903.0,14596598.0,10886535.0,0.096,3840016.0,11908774.0,-8068737.0,3478041.0,8639834.0,-5161807.0,5676.0,5033.0,3210.0,3238.0,3179.0,,6,6,6,6,6,6,6,6,6,6,6,6,6,6,6,6,6,6,6,6,6,6,6,6,6,6,6,6,6,6,6,5,2020-01-01
Q,U,N,0,A,00,A05,0,A00,A0,A0,E0,0,0,2020,2,118178536.0,116092120.0,103712695.0,136099337,105675362.0,17920814.0,15202918.0,2717904.0,20007224.0,12379424.0,14465841.0,6604696.0,0.106,0.123,0.056,8925135.0,8103907.0,10887770.0,9894998.0,0.091,5774728.0,7861125.0,-2086389.0,3865924.0,5828549.0,-1962645.0,4928.0,4517.0,3242.0,3306.0,2924.0,,6,6,6,6,6,6,6,6,6,6,6,6,6,6,6,6,6,6,6,6,6,6,6,6,6,6,6,6,6,6,6,5,2020-04-01
Q,U,N,0,A,00,A05,0,A00,A0,A0,E0,0,0,2020,3,116095185.0,118393563.0,101695228.0,140422776,103707128.0,24327577.0,19721495.0,4606105.0,22029204.0,16698335.0,14399956.0,9386267.0,0.142,0.123,0.08,7876278.0,6622992.0,9888183.0,9660956.0,0.086,7312067.0,5013700.0,2298377.0,3622194.0,5634108.0,-2011897.0,5242.0,4807.0,3367.0,3388.0,3459.0,,6,6,6,6,6,6,6,6,6,6,6,6,6,6,6,6,6,6,6,6,6,6,6,6,6,6,6,6,6,6,6,5,2020-07-01
Q,U,N,0,A,00,A05,0,A00,A0,A0,E0,0,0,2020,4,118366123.0,119122893.0,103593576.0,142594515,101655500.0,24228405.0,20211170.0,4017257.0,23471637.0,15529317.0,14772547.0,9127923.0,0.131,0.124,0.077,11581841.0,9252209.0,9643740.0,8320743.0,0.096,6401394.0,5644613.0,756753.0,6074519.0,4136433.0,1938092.0,6052.0,5565.0,3329.0,3482.0,4090.0,,6,6,6,6,6,6,6,6,6,6,6,6,6,6,6,6,6,6,6,6,6,6,6,6,6,6,6,6,6,6,6,5,2020-10-01
Q,U,N,0,A,00,A05,0,A00,A0,A0,E0,0,0,2021,1,119133377.0,119867968.0,106217335.0,138493842,103606945.0,19360443.0,16869491.0,2490948.0,18625903.0,13650632.0,12916042.0,8195093.0,0.114,0.108,0.069,10933068.0,9252487.0,8321401.0,11096114.0,0.104,5455540.0,4720964.0,734562.0,5454151.0,2842444.0,2610385.0,5737.0,5335.0,3117.0,3195.0,3610.0,,6,6,6,6,6,6,6,6,6,6,6,6,6,6,6,6,6,6,6,6,6,6,6,6,6,6,6,6,6,6,6,5,2021-01-01
Q,U,N,0,A,00,A05,0,A00,A0,A0,E0,0,0,2021,2,119878087.0,123647512.0,104306517.0,147023786,106227163.0,27145679.0,23379606.0,3766092.0,23376278.0,19340995.0,15571570.0,10905947.0,0.159,0.128,0.09,9177437.0,8049525.0,11096701.0,10943896.0,0.096,8435049.0,4665644.0,3769397.0,3630312.0,5549575.0,-1919332.0,5595.0,5124.0,3771.0,3881.0,3563.0,,6,6,6,6,6,6,6,6,6,6,6,6,6,6,6,6,6,6,6,6,6,6,6,6,6,6,6,6,6,6,6,5,2021-04-01
Q,U,N,0,A,00,A05,0,A00,A0,A0,E0,0,0,2021,3,123660544.0,125100202.0,105911485.0,152078022,104318667.0,28417466.0,25863366.0,2554107.0,26977812.0,19188718.0,17749059.0,12348941.0,0.154,0.143,0.099,12539270.0,10645907.0,10944998.0,11176464.0,0.112,6839776.0,5400093.0,1439655.0,5778827.0,4184567.0,1594230.0,5664.0,5113.0,3540.0,3586.0,3823.0,,6,6,6,6,6,6,6,6,6,6,6,6,6,6,6,6,6,6,6,6,6,6,6,6,6,6,6,6,6,6,6,5,2021-07-01
Q,U,N,0,A,00,A05,0,A00,A0,A0,E0,0,0,2021,4,125075020.0,125426237.0,107533793.0,153063615,105873427.0,27988624.0,24946824.0,3041789.0,27637386.0,17892444.0,17541227.0,11332135.0,0.143,0.14,0.09,13176371.0,12098286.0,11516021.0,9727392.0,0.106,6560310.0,6209075.0,351219.0,6073878.0,4413515.0,1660355.0,6445.0,5858.0,3909.0,3920.0,4339.0,,6,6,6,6,6,6,6,6,6,6,6,6,6,6,6,6,6,6,6,6,6,6,6,6,6,6,6,6,6,6,6,5,2021-10-01
Q,U,N,0,A,00,A05,0,A00,A0,A0,E0,0,0,2022,1,125403927.0,126649358.0,110429120.0,148526077,107515455.0,23122132.0,20696893.0,2425216.0,21876693.0,16220238.0,14974807.0,10077028.0,0.129,0.119,0.08,12638955.0,11536468.0,9725302.0,11793191.0,0.111,6143211.0,4897748.0,1245440.0,6068789.0,3155172.0,2913674.0,6194.0,5705.0,3554.0,3588.0,4012.0,,6,6,6,6,6,6,6,6,6,6,6,6,6,6,6,6,6,6,6,6,6,6,6,6,6,6,6,6,6,6,6,5,2022-01-01
Q,U,N,0,A,00,A05,0,A00,A0,A0,E0,0,0,2022,2,126692323.0,130034541.0,109945061.0,155135618,110464947.0,28443266.0,24840029.0,3603241.0,25101029.0,20089480.0,16747262.0,11771767.0,0.157,0.13,0.092,11278268.0,10243933.0,11798137.0,11440554.0,0.103,8317713.0,4975459.0,3342241.0,4392366.0,4912254.0,-519855.0,5808.0,5310.0,4101.0,4168.0,3820.0,,6,6,6,6,6,6,6,6,6,6,6,6,6,6,6,6,6,6,6,6,6,6,6,6,6,6,6,6,6,6,6,5,2022-04-01
Q,U,N,0,A,00,A05,0,A00,A0,A0,E0,0,0,2022,3,130017281.0,130334200.0,111362785.0,158475104,109930737.0,28457844.0,25777110.0,2680716.0,28140913.0,18971415.0,18654497.0,12784971.0,0.146,0.143,0.098,12871094.0,11268223.0,11439045.0,11035283.0,0.107,6186444.0,5869541.0,316907.0,5617762.0,4185719.0,1432069.0,6013.0,5427.0,4128.0,4184.0,4084.0,,6,6,6,6,6,6,6,6,6,6,6,6,6,6,6,6,6,6,6,6,6,6,6,6,6,6,6,6,6,6,6,5,2022-07-01
Q,U,N,0,A,00,A05,0,A00,A0,A0,E0,0,0,2022,4,130310565.0,129385797.0,113467197.0,154907907,111341899.0,24597340.0,21558907.0,3038439.0,25522116.0,15918600.0,16843368.0,10365208.0,0.123,0.13,0.08,13158910.0,12142697.0,11033607.0,10075691.0,0.102,5553392.0,6478160.0,-924757.0,6342805.0,4217522.0,2125300.0,6236.0,5713.0,4014.0,4033.0,4118.0,,6,6,6,6,6,6,6,6,6,6,6,6,6,6,6,6,6,6,6,6,6,6,6,6,6,6,6,6,6,6,6,5,2022-10-01
Q,U,N,0,A,00,A05,0,A00,A0,A0,E0,0,0,2023,1,129370271.0,129967751.0,114480079.0,151335311,113454653.0,21965040.0,19518502.0,2446560.0,21367572.0,15487672.0,14890192.0,9724383.0,0.119,0.115,0.075,11099169.0,10014467.0,10073781.0,11037047.0,0.097,5763288.0,5165811.0,597488.0,4791353.0,3765983.0,1025406.0,6621.0,6117.0,3833.0,3866.0,4116.0,,6,6,6,6,6,6,6,6,6,6,6,6,6,6,6,6,6,6,6,6,6,6,6,6,6,6,6,6,6,6,6,5,2023-01-01
Q,U,N,0,A,00,A05,0,A00,A0,A0,E0,0,0,2023,2,130034616.0,132434681.0,113949162.0,155840319,114570138.0,25805732.0,22167176.0,3638525.0,23405628.0,18485519.0,16085454.0,10804316.0,0.141,0.123,0.082,10787454.0,9750568.0,11408444.0,10790566.0,0.095,7681203.0,5281133.0,2400060.0,4390390.0,5011371.0,-620970.0,5962.0,5495.0,4019.0,4088.0,3938.0,,6,6,6,6,6,6,6,6,6,6,6,6,6,6,6,6,6,6,6,6,6,6,6,6,6,6,6,6,6,6,6,5,2023-04-01
Q,U,N,0,A,00,A05,0,A00,A0,A0,E0,0,0,2023,3,132435462.0,131921596.0,115069046.0,156911336,113952070.0,24475841.0,21982310.0,2493534.0,24989730.0,16852550.0,17366416.0,11346194.0,0.127,0.131,0.086,11908013.0,10330663.0,10791014.0,,,5506356.0,6020256.0,-513902.0,5246167.0,4129173.0,1116970.0,5964.0,5438.0,3795.0,3848.0,,,6,6,6,6,6,6,6,6,6,6,6,6,6,6,6,6,6,6,-1,-1,6,6,6,6,6,6,6,6,6,6,-1,5,2023-07-01
Q,U,N,0,A,00,A05,0,A00,A0,A0,E0,0,0,2023,4,131903345.0,,,154456770,,22553396.0,19574343.0,2979054.0,,,,,,,,,,,,,,,,,,,,5942.0,,,,,6,-1,-1,6,-1,6,6,6,-1,-1,-1,-1,-1,-1,-1,-1,-1,-1,-1,-1,-1,-1,-1,-1,-1,-1,-1,6,-1,-1,-1,5,2023-10-01
