"periodicity","seasonadj","geo_level","geography","ind_level","industry","ownercode","sex","agegrp","race","ethnicity","education","firmage","firmsize","year","quarter","Emp","EmpEnd","EmpS","EmpTotal","EmpSpv","HirA","HirN","HirR","Sep","HirAEnd","SepBeg","HirAEndRepl","HirAEndR","SepBegR","HirAEndReplR","HirAS","HirNS","SepS","SepSnx","TurnOvrS","FrmJbGn","FrmJbLs","FrmJbC","FrmJbGnS","FrmJbLsS","FrmJbCS","EarnS","EarnBeg","EarnHirAS","EarnHirNS","EarnSepS","Payroll","sEmp","sEmpEnd","sEmpS","sEmpTotal","sEmpSpv","sHirA","sHirN","sHirR","sSep","sHirAEnd","sSepBeg","sHirAEndRepl","sHirAEndR","sSepBegR","sHirAEndReplR","sHirAS","sHirNS","sSepS","sSepSnx","sTurnOvrS","sFrmJbGn","sFrmJbLs","sFrmJbC","sFrmJbGnS","sFrmJbLsS","sFrmJbCS","sEarnS","sEarnBeg","sEarnHirAS","sEarnHirNS","sEarnSepS","sPayroll","date"
"Q","U","N",0,"A",0,"A05",0,"A00","A0","A0","E0",0,0,1993,1,NA,90309234,NA,107107546,NA,NA,NA,NA,16798377,NA,NA,NA,NA,NA,NA,NA,NA,NA,NA,NA,NA,NA,NA,NA,NA,NA,NA,NA,NA,NA,NA,NA,-1,6,-1,6,-1,-1,-1,-1,6,-1,-1,-1,-1,-1,-1,-1,-1,-1,-1,-1,-1,-1,-1,-1,-1,-1,-1,-1,-1,-1,-1,5,"1993-01-01"
"Q","U","N",0,"A",0,"A05",0,"A00","A0","A0","E0",0,0,1993,2,86450935,92634609,74470514,113369985,NA,22631147,NA,NA,20735278,18164096,11980421,11346392,0.203,0.134,0.127,NA,NA,NA,7940199,NA,6817704,4921942,6183747,NA,NA,NA,2112,1921,NA,NA,1298,NA,6,6,6,6,-1,6,-1,-1,6,6,6,6,6,6,6,-1,-1,-1,6,-1,6,6,6,-1,-1,-1,6,6,-1,-1,6,5,"1993-04-01"
"Q","U","N",0,"A",0,"A05",0,"A00","A0","A0","E0",0,0,1993,3,92092782,92372311,77583484,117241070,76665976,25148179,NA,NA,24868808,14788827,14509298,9161470,0.16,0.157,0.099,9032829,NA,8100093,8636594,0.114,5627357,5348042,279182,4486899,3554160,939084,2184,1951,1336,NA,1427,NA,6,6,6,6,6,6,-1,-1,6,6,6,6,6,6,6,6,-1,6,6,6,6,6,6,6,6,6,6,6,6,-1,6,5,"1993-07-01"
"Q","U","N",0,"A",0,"A05",0,"A00","A0","A0","E0",0,0,1993,4,93088152,91746833,78861398,115659389,78081191,22571369,NA,NA,23912425,12885435,14226755,7770125,0.139,0.154,0.084,9489508,NA,8709291,7391406,0.107,5115310,6456505,-1341223,4864259,4083819,780294,2389,2150,1398,NA,1504,NA,6,6,6,6,6,6,-1,-1,6,6,6,6,6,6,6,6,-1,6,6,6,6,6,6,6,6,6,6,6,6,-1,6,5,"1993-10-01"
"Q","U","N",0,"A",0,"A05",0,"A00","A0","A0","E0",0,0,1994,1,91917684,92946222,80178876,111436766,79013930,19518901,15866448,3652506,18490510,12767347,11738808,7250531,0.138,0.127,0.078,8577582,NA,7412860,9007337,0.11,5516815,4488339,1028555,4320861,3156141,1164753,2118,1943,1185,NA,1309,NA,6,6,6,6,6,6,6,6,6,6,6,6,6,6,6,6,-1,6,6,6,6,6,6,6,6,6,6,6,6,-1,6,5,"1994-01-01"
"Q","U","N",0,"A",0,"A05",0,"A00","A0","A0","E0",0,0,1994,2,92374522,95552524,78901155,118302481,79711642,25927855,22048854,3878901,22749820,16651369,13473367,9032315,0.177,0.143,0.096,8138711,6999373,8949242,8905741,0.108,7619054,4440796,3178046,3731338,4541902,-810592,2200,1989,1408,1271,1333,NA,6,6,6,6,6,6,6,6,6,6,6,6,6,6,6,6,6,6,6,6,6,6,6,6,6,6,6,6,6,6,6,5,"1994-04-01"
"Q","U","N",0,"A",0,"A05",0,"A00","A0","A0","E0",0,0,1994,3,94979845,95076740,79224973,122200692,78483838,27220843,24207235,3013577,27123870,15851766,15754872,10166566,0.167,0.166,0.107,9588741,7973209,8847806,8845012,0.116,5685201,5588171,96691,4529461,3788378,740952,2304,2043,1393,1352,1478,NA,6,6,6,6,6,6,6,6,6,6,6,6,6,6,6,6,6,6,6,6,6,6,6,6,6,6,6,6,6,6,6,5,"1994-07-01"
"Q","U","N",0,"A",0,"A05",0,"A00","A0","A0","E0",0,0,1994,4,95771971,94644060,80881829,119691734,79791565,23919654,20687030,3232391,25047487,13762231,14890142,8413292,0.145,0.156,0.088,10012394,8884124,8923600,7990869,0.111,5348939,6476920,-1127986,5058721,3969953,1090242,2390,2144,1379,1328,1504,NA,6,6,6,6,6,6,6,6,6,6,6,6,6,6,6,6,6,6,6,6,6,6,6,6,6,6,6,6,6,6,6,5,"1994-10-01"
"Q","U","N",0,"A",0,"A05",0,"A00","A0","A0","E0",0,0,1995,1,95140609,96037955,82333214,116322164,81310611,21181330,18130482,3051028,20284192,13704741,12807395,7948065,0.143,0.134,0.083,9038357,7779305,8015881,9428972,0.112,5756676,4859542,897270,4399357,3376859,1022737,2261,2063,1286,1222,1418,NA,6,6,6,6,6,6,6,6,6,6,6,6,6,6,6,6,6,6,6,6,6,6,6,6,6,6,6,6,6,6,6,5,"1995-01-01"
"Q","U","N",0,"A",0,"A05",0,"A00","A0","A0","E0",0,0,1995,2,95360769,98461138,81189668,122263810,81798623,26903049,21838219,5064903,23802522,17271470,14171101,9548092,0.178,0.146,0.099,8505919,7340069,9073806,9078542,0.108,7723377,4622658,3100652,3848207,4416347,-581357,2304,2079,1449,1390,1400,NA,6,6,6,6,6,6,6,6,6,6,6,6,6,6,6,6,6,6,6,6,6,6,6,6,6,6,6,6,6,6,6,5,"1995-04-01"
"Q","U","N",0,"A",0,"A05",0,"A00","A0","A0","E0",0,0,1995,3,97742363,97739986,81561425,125076072,80575840,27333687,21659194,5674511,27336033,16178561,16180938,10509498,0.166,0.166,0.108,10018447,8608238,9032706,9122693,0.117,5669063,5671447,-2262,4746932,3761255,985757,2318,2056,1430,1182,1512,NA,6,6,6,6,6,6,6,6,6,6,6,6,6,6,6,6,6,6,6,6,6,6,6,6,6,6,6,6,6,6,6,5,"1995-07-01"
"Q","U","N",0,"A",0,"A05",0,"A00","A0","A0","E0",0,0,1995,4,98325618,97141338,83017162,122770411,82038090,24438117,18816999,5621199,25629048,14124176,15308456,8787726,0.145,0.157,0.09,10174007,9163909,9190135,8151774,0.11,5336450,6527248,-1184254,5024705,4040987,983814,2485,2230,1452,1233,1552,NA,6,6,6,6,6,6,6,6,6,6,6,6,6,6,6,6,6,6,6,6,6,6,6,6,6,6,6,6,6,6,6,5,"1995-10-01"
"Q","U","N",0,"A",0,"A05",0,"A00","A0","A0","E0",0,0,1996,1,97202330,98098659,84135116,118606045,83104497,21358611,18381188,2977256,20507412,13963543,13067214,8161256,0.143,0.134,0.084,9226904,8112176,8164453,9630572,0.112,5802286,4951111,896251,4415538,3353174,1063035,2360,2152,1347,1136,1468,NA,6,6,6,6,6,6,6,6,6,6,6,6,6,6,6,6,6,6,6,6,6,6,6,6,6,6,6,6,6,6,6,5,"1996-01-01"
"Q","U","N",0,"A",0,"A05",0,"A00","A0","A0","E0",0,0,1996,2,97553152,100714564,83110126,124723010,83752908,27120256,22951888,4168340,24008451,17604438,14443027,9835790,0.178,0.146,0.099,8911900,7641424,9520788,9338015,0.11,7768648,4656903,3161480,3968476,4577423,-610350,2390,2156,1560,1523,1459,NA,6,6,6,6,6,6,6,6,6,6,6,6,6,6,6,6,6,6,6,6,6,6,6,6,6,6,6,6,6,6,6,5,"1996-04-01"
"Q","U","N",0,"A",0,"A05",0,"A00","A0","A0","E0",0,0,1996,3,100230290,100129052,83831231,127606855,82849337,27376539,23457670,3918707,27477744,16297821,16399058,10628520,0.163,0.164,0.106,10222327,8686084,9240470,9595047,0.118,5669300,5770765,-101254,4794424,3812439,981855,2427,2157,1507,1378,1597,NA,6,6,6,6,6,6,6,6,6,6,6,6,6,6,6,6,6,6,6,6,6,6,6,6,6,6,6,6,6,6,6,5,"1996-07-01"
"Q","U","N",0,"A",0,"A05",0,"A00","A0","A0","E0",0,0,1996,4,100403302,99423269,84701995,125482983,84033095,25079707,20958871,4120765,26059794,14721274,15701307,9015335,0.147,0.157,0.09,10316791,9281538,9647880,8452033,0.111,5705939,6686051,-979983,4944355,4275553,668875,2631,2363,1548,1430,1672,NA,6,6,6,6,6,6,6,6,6,6,6,6,6,6,6,6,6,6,6,6,6,6,6,6,6,6,6,6,6,6,6,5,"1996-10-01"
"Q","U","N",0,"A",0,"A05",0,"A00","A0","A0","E0",0,0,1997,1,99817164,100900721,86218883,122167324,85022269,22350230,19499975,2850119,21266728,14681838,13598281,8593283,0.146,0.135,0.086,9690421,8482892,8493850,9971832,0.114,6088555,5005042,1083453,4603001,3406323,1196524,2495,2275,1438,1339,1562,NA,6,6,6,6,6,6,6,6,6,6,6,6,6,6,6,6,6,6,6,6,6,6,6,6,6,6,6,6,6,6,6,5,"1997-01-01"
"Q","U","N",0,"A",0,"A05",0,"A00","A0","A0","E0",0,0,1997,2,100710392,103919693,85644642,128840301,86108660,28129985,24082510,4047387,24920701,18275051,15065750,10318259,0.179,0.147,0.101,9400873,8188693,9869366,9773145,0.112,7956792,4747404,3209309,4216195,4684787,-470568,2524,2276,1703,1695,1560,NA,6,6,6,6,6,6,6,6,6,6,6,6,6,6,6,6,6,6,6,6,6,6,6,6,6,6,6,6,6,6,6,5,"1997-04-01"
"Q","U","N",0,"A",0,"A05",0,"A00","A0","A0","E0",0,0,1997,3,102928651,102973081,86011014,131390052,84903256,28461453,24394696,4066870,28417017,16962066,16917637,11044942,0.165,0.164,0.107,10740221,9133819,9632420,9958796,0.12,5917124,5872773,44452,5003187,3895383,1107725,2558,2274,1618,1512,1709,NA,6,6,6,6,6,6,6,6,6,6,6,6,6,6,6,6,6,6,6,6,6,6,6,6,6,6,6,6,6,6,6,5,"1997-07-01"
"Q","U","N",0,"A",0,"A05",0,"A00","A0","A0","E0",0,0,1997,4,103418852,102544804,87166693,129379213,86355876,25960352,21775216,4185034,26834442,15378111,16252159,9488396,0.149,0.158,0.092,10831233,9727705,10020269,8617775,0.112,5889715,6763758,-874127,5165367,4354526,810978,2800,2513,1697,1579,1783,NA,6,6,6,6,6,6,6,6,6,6,6,6,6,6,6,6,6,6,6,6,6,6,6,6,6,6,6,6,6,6,6,5,"1997-10-01"
"Q","U","N",0,"A",0,"A05",0,"A00","A0","A0","E0",0,0,1998,1,101994932,103805901,88228341,125468702,87409286,22455319,19446838,3008518,21662903,15577560,13766590,9508235,0.151,0.134,0.092,10012316,8814941,8522186,10410917,0.116,6069324,5276850,1810999,4788557,3298374,1508955,2619,2390,1561,1465,1680,NA,6,6,6,6,6,6,6,6,6,6,6,6,6,6,6,6,6,6,6,6,6,6,6,6,6,6,6,6,6,6,6,5,"1998-01-01"
"Q","U","N",0,"A",0,"A05",0,"A00","A0","A0","E0",0,0,1998,2,103714539,106369390,87873614,132394190,88705791,28679617,22502284,6177282,26024793,18495775,15840925,10658121,0.176,0.151,0.101,9526603,8350961,10327612,10102680,0.112,7837654,5182867,2654870,4159133,4960085,-812449,2670,2409,1789,1652,1684,NA,6,6,6,6,6,6,6,6,6,6,6,6,6,6,6,6,6,6,6,6,6,6,6,6,6,6,6,6,6,6,6,5,"1998-04-01"
"Q","U","N",0,"A",0,"A05",0,"A00","A0","A0","E0",0,0,1998,3,105984820,105853490,88436092,135234031,87435808,29249261,21681336,7567857,29380575,17417398,17548727,11514588,0.164,0.166,0.109,11090959,9618117,10090630,10490309,0.122,5902810,6034153,-131361,5075922,4075564,1000363,2680,2384,1719,1387,1831,NA,6,6,6,6,6,6,6,6,6,6,6,6,6,6,6,6,6,6,6,6,6,6,6,6,6,6,6,6,6,6,6,5,"1998-07-01"
"Q","U","N",0,"A",0,"A05",0,"A00","A0","A0","E0",0,0,1998,4,105970629,104858614,89077301,133164037,88582361,27137229,20850277,6286977,28305450,15781313,16893327,9941838,0.15,0.16,0.094,11022822,10074418,10490407,8966280,0.112,5839475,7007660,-1112021,5108555,4576060,533595,2991,2687,1828,1467,1957,NA,6,6,6,6,6,6,6,6,6,6,6,6,6,6,6,6,6,6,6,6,6,6,6,6,6,6,6,6,6,6,6,5,"1998-10-01"
"Q","U","N",0,"A",0,"A05",0,"A00","A0","A0","E0",0,0,1999,1,104998248,106203089,90662113,128864344,89229272,23851225,20198510,3652639,22661320,15540976,14336135,9191296,0.147,0.136,0.087,10427883,9233227,8984400,10666793,0.116,6349680,5159795,1204813,4982249,3538766,1443849,2712,2480,1590,1321,1773,NA,6,6,6,6,6,6,6,6,6,6,6,6,6,6,6,6,6,6,6,6,6,6,6,6,6,6,6,6,6,6,6,5,"1999-01-01"
"Q","U","N",0,"A",0,"A05",0,"A00","A0","A0","E0",0,0,1999,2,106039054,108787235,89850191,135480817,90535748,29441741,24246178,5195614,26693591,18937044,16188864,10995786,0.176,0.151,0.102,9957456,8650722,10642997,10418022,0.113,7941258,5193038,2748218,4380450,5065918,-685508,2769,2500,1899,1775,1787,NA,6,6,6,6,6,6,6,6,6,6,6,6,6,6,6,6,6,6,6,6,6,6,6,6,6,6,6,6,6,6,6,5,"1999-04-01"
"Q","U","N",0,"A",0,"A05",0,"A00","A0","A0","E0",0,0,1999,3,108527181,108438777,90472971,138490738,89649323,29963552,26139101,3824462,30051979,17965806,18054210,11926083,0.166,0.166,0.11,11204222,9545206,10380543,10839131,0.122,6039722,6128171,-88418,5041329,4217694,823653,2841,2529,1815,1680,1972,NA,6,6,6,6,6,6,6,6,6,6,6,6,6,6,6,6,6,6,6,6,6,6,6,6,6,6,6,6,6,6,6,5,"1999-07-01"
"Q","U","N",0,"A",0,"A05",0,"A00","A0","A0","E0",0,0,1999,4,108726615,107661543,91189947,136957813,90715714,28231155,24352824,3878309,29296262,16471595,17536668,10418194,0.152,0.162,0.096,11341655,10086199,10867242,9716469,0.115,6053402,7118505,-1065172,5238694,4764264,474471,3145,2827,1921,1835,2112,NA,6,6,6,6,6,6,6,6,6,6,6,6,6,6,6,6,6,6,6,6,6,6,6,6,6,6,6,6,6,6,6,5,"1999-10-01"
"Q","U","N",0,"A",0,"A05",0,"A00","A0","A0","E0",0,0,2000,1,107668459,108783068,92182026,133312592,91180420,25644103,22344558,3299539,24529493,16601042,15486433,10043505,0.153,0.143,0.093,10722791,9324176,9721179,11151477,0.119,6557538,5442919,1114619,4862541,3860934,1001657,3002,2731,1774,1714,1992,NA,6,6,6,6,6,6,6,6,6,6,6,6,6,6,6,6,6,6,6,6,6,6,6,6,6,6,6,6,6,6,6,5,"2000-01-01"
"Q","U","N",0,"A",0,"A05",0,"A00","A0","A0","E0",0,0,2000,2,108663611,111215565,91588092,139258503,92026506,30594902,25813658,4781246,28042921,19627473,17075519,11653724,0.179,0.155,0.106,10505980,9163534,10935806,10680642,0.116,7973749,5421751,2551983,4520738,4950590,-436940,2959,2667,2027,2006,1929,NA,6,6,6,6,6,6,6,6,6,6,6,6,6,6,6,6,6,6,6,6,6,6,6,6,6,6,6,6,6,6,6,5,"2000-04-01"
"Q","U","N",0,"A",0,"A05",0,"A00","A0","A0","E0",0,0,2000,3,111096090,110668833,92466606,141317296,91487951,30221209,23679516,6541653,30648439,18202227,18629484,12164208,0.164,0.168,0.11,11611476,10133402,10632854,10849575,0.121,6038019,6465258,-427255,5225613,4247008,978617,3017,2687,1995,1674,2119,NA,6,6,6,6,6,6,6,6,6,6,6,6,6,6,6,6,6,6,6,6,6,6,6,6,6,6,6,6,6,6,6,5,"2000-07-01"
"Q","U","N",0,"A",0,"A05",0,"A00","A0","A0","E0",0,0,2000,4,110761393,109318815,93239733,138144182,92551040,27382800,20684888,6697890,28825417,16079081,17521660,10234169,0.146,0.159,0.093,11528733,10341245,10840607,9715412,0.114,5844913,7287510,-1442578,5447157,4759005,689127,3253,2941,2056,1722,2201,NA,6,6,6,6,6,6,6,6,6,6,6,6,6,6,6,6,6,6,6,6,6,6,6,6,6,6,6,6,6,6,6,5,"2000-10-01"
"Q","U","N",0,"A",0,"A05",0,"A00","A0","A0","E0",0,0,2001,1,109360779,109365020,94025866,133129927,93320410,23769170,20000562,3768622,23764905,15339154,15334913,9357767,0.14,0.14,0.086,10410574,9187436,9705169,11099120,0.114,5981387,5977117,4240,4737282,4031847,705420,3210,2927,1928,1569,2139,NA,6,6,6,6,6,6,6,6,6,6,6,6,6,6,6,6,6,6,6,6,6,6,6,6,6,6,6,6,6,6,6,5,"2001-01-01"
"Q","U","N",0,"A",0,"A05",0,"A00","A0","A0","E0",0,0,2001,2,109266796,110730121,92868727,137214027,93938444,27947222,23011293,4935942,26483905,17861394,16398070,10458378,0.162,0.149,0.095,10013847,8639101,11079139,10465320,0.11,7403016,5939688,1463306,4256435,5321706,-1066362,3070,2782,2139,2056,2038,NA,6,6,6,6,6,6,6,6,6,6,6,6,6,6,6,6,6,6,6,6,6,6,6,6,6,6,6,6,6,6,6,5,"2001-04-01"
"Q","U","N",0,"A",0,"A05",0,"A00","A0","A0","E0",0,0,2001,3,110669370,109032733,92997579,137407428,92747333,26738070,22800816,3937259,28374700,16035154,17671791,10799246,0.146,0.161,0.098,10705311,9043627,10455081,10563783,0.114,5235908,6872542,-1636647,4868441,4618199,250246,3046,2730,1963,1794,2158,NA,6,6,6,6,6,6,6,6,6,6,6,6,6,6,6,6,6,6,6,6,6,6,6,6,6,6,6,6,6,6,6,5,"2001-07-01"
"Q","U","N",0,"A",0,"A05",0,"A00","A0","A0","E0",0,0,2001,4,109048453,106584613,92793837,132502872,93007813,23454396,19264200,4190203,25918245,13790777,16254617,8675060,0.128,0.151,0.08,10354879,9146364,10568853,9019687,0.104,5115717,7579541,-2463833,4899117,5113097,-213974,3271,2975,1977,1868,2240,NA,6,6,6,6,6,6,6,6,6,6,6,6,6,6,6,6,6,6,6,6,6,6,6,6,6,6,6,6,6,6,6,5,"2001-10-01"
"Q","U","N",0,"A",0,"A05",0,"A00","A0","A0","E0",0,0,2002,1,106620581,106687549,92932700,127518796,92825047,20898223,17855481,3042693,20831239,13754849,13687881,8102055,0.129,0.128,0.076,9130738,7782348,9023088,10018245,0.103,5652794,5585832,66975,4213319,4105648,107643,3197,2945,1813,1727,2090,NA,6,6,6,6,6,6,6,6,6,6,6,6,6,6,6,6,6,6,6,6,6,6,6,6,6,6,6,6,6,6,6,5,"2002-01-01"
"Q","U","N",0,"A",0,"A05",0,"A00","A0","A0","E0",0,0,2002,2,106646220,108749113,91909579,132358216,92897441,25712015,21663591,4048413,23609094,16839534,14736642,9576440,0.156,0.137,0.089,9025461,7599667,10013302,9620184,0.101,7263094,5160227,2102906,3986806,4974673,-987864,3093,2822,2075,2053,1996,NA,6,6,6,6,6,6,6,6,6,6,6,6,6,6,6,6,6,6,6,6,6,6,6,6,6,6,6,6,6,6,6,5,"2002-04-01"
"Q","U","N",0,"A",0,"A05",0,"A00","A0","A0","E0",0,0,2002,3,108688870,107898017,92409811,133998575,91863784,25309707,22193729,3115981,26100575,15488207,16279060,10156598,0.143,0.15,0.094,10161236,8353591,9615224,9936122,0.109,5331609,6122490,-790894,4701028,4154983,546038,3089,2782,1935,1897,2121,NA,6,6,6,6,6,6,6,6,6,6,6,6,6,6,6,6,6,6,6,6,6,6,6,6,6,6,6,6,6,6,6,5,"2002-07-01"
"Q","U","N",0,"A",0,"A05",0,"A00","A0","A0","E0",0,0,2002,4,107910465,106258734,92605378,130557145,92417910,22646693,19246732,3399974,24298418,13653356,15305086,8340066,0.128,0.143,0.078,10128515,8852082,9940982,8580685,0.101,5313290,6965035,-1651728,4890186,4702647,187560,3328,3036,1991,1930,2188,NA,6,6,6,6,6,6,6,6,6,6,6,6,6,6,6,6,6,6,6,6,6,6,6,6,6,6,6,6,6,6,6,5,"2002-10-01"
"Q","U","N",0,"A",0,"A05",0,"A00","A0","A0","E0",0,0,2003,1,106323345,106087563,93152877,125891320,92656728,19567990,16647098,2920885,19803761,12934685,13170468,7716051,0.122,0.124,0.073,9088419,7753967,8592271,9623489,0.1,5218634,5454424,-235776,4229003,3732891,496121,3231,2975,1838,1795,2042,NA,6,6,6,6,6,6,6,6,6,6,6,6,6,6,6,6,6,6,6,6,6,6,6,6,6,6,6,6,6,6,6,5,"2003-01-01"
"Q","U","N",0,"A",0,"A05",0,"A00","A0","A0","E0",0,0,2003,2,106020628,107986091,92090559,129972437,93094888,23951775,19878022,4073774,21986333,15895531,13930069,8858269,0.149,0.13,0.083,8612673,7339477,9616956,9276378,0.097,7037262,5071795,1965441,3817534,4821823,-1004310,3146,2880,2073,2052,2010,NA,6,6,6,6,6,6,6,6,6,6,6,6,6,6,6,6,6,6,6,6,6,6,6,6,6,6,6,6,6,6,6,5,"2003-04-01"
"Q","U","N",0,"A",0,"A05",0,"A00","A0","A0","E0",0,0,2003,3,107953066,107457508,92538043,131998866,92057696,24045799,21004657,3041134,24541359,14919464,15415023,9669572,0.139,0.143,0.09,9751274,8024994,9270896,9647532,0.105,5249893,5745447,-495560,4543305,4062903,480372,3175,2873,1980,1903,2131,NA,6,6,6,6,6,6,6,6,6,6,6,6,6,6,6,6,6,6,6,6,6,6,6,6,6,6,6,6,6,6,6,5,"2003-07-01"
"Q","U","N",0,"A",0,"A05",0,"A00","A0","A0","E0",0,0,2003,4,107512174,106498779,92756246,130080652,92583880,22568479,19107342,3461118,23581873,13742534,14755928,8293905,0.128,0.138,0.078,9828049,8646872,9655619,8403651,0.098,5448629,6462039,-1013399,4668448,4496000,172447,3465,3163,2036,1971,2254,NA,6,6,6,6,6,6,6,6,6,6,6,6,6,6,6,6,6,6,6,6,6,6,6,6,6,6,6,6,6,6,6,5,"2003-10-01"
"Q","U","N",0,"A",0,"A05",0,"A00","A0","A0","E0",0,0,2004,1,106521461,107160734,93571904,126684591,92773135,20163141,17300761,2862404,19523838,13588830,12949557,7918911,0.127,0.121,0.074,9211812,7854601,8413041,9688140,0.101,5669919,5030616,639293,4322031,3523245,798782,3362,3104,1849,1796,2102,NA,6,6,6,6,6,6,6,6,6,6,6,6,6,6,6,6,6,6,6,6,6,6,6,6,6,6,6,6,6,6,6,5,"2004-01-01"
"Q","U","N",0,"A",0,"A05",0,"A00","A0","A0","E0",0,0,2004,2,107121024,109841150,92915450,132560866,93535542,25439864,21453908,3985953,22719710,16925700,14205574,9457393,0.156,0.131,0.087,9059927,7804963,9679493,9457689,0.1,7468308,4748123,2720169,4034851,4654422,-619730,3254,2972,2195,2185,2032,NA,6,6,6,6,6,6,6,6,6,6,6,6,6,6,6,6,6,6,6,6,6,6,6,6,6,6,6,6,6,6,6,5,"2004-04-01"
"Q","U","N",0,"A",0,"A05",0,"A00","A0","A0","E0",0,0,2004,3,109839792,109420636,93853854,134783588,92892697,24943799,21590915,3352898,25362968,15566782,15985938,10258465,0.142,0.146,0.094,10440625,8778984,9479478,10008979,0.109,5308317,5727453,-419159,4859113,3897958,961145,3301,2978,2062,1957,2176,NA,6,6,6,6,6,6,6,6,6,6,6,6,6,6,6,6,6,6,6,6,6,6,6,6,6,6,6,6,6,6,6,5,"2004-07-01"
"Q","U","N",0,"A",0,"A05",0,"A00","A0","A0","E0",0,0,2004,4,109399581,108434865,94064222,133042964,93835928,23643416,19805349,3838083,24608116,14370643,15335359,8921583,0.132,0.141,0.082,10235889,9120021,10007593,8460831,0.099,5449060,6413749,-964693,4710926,4482646,228309,3668,3337,2191,2083,2338,NA,6,6,6,6,6,6,6,6,6,6,6,6,6,6,6,6,6,6,6,6,6,6,6,6,6,6,6,6,6,6,6,5,"2004-10-01"
"Q","U","N",0,"A",0,"A05",0,"A00","A0","A0","E0",0,0,2005,1,108402830,109240620,95311161,128993416,94037800,20590594,17948742,2641847,19752808,13929459,13091668,8328159,0.128,0.12,0.077,9731283,8434236,8457907,10110663,0.104,5601299,4763485,837786,4584259,3310878,1273366,3456,3180,1897,1824,2119,NA,6,6,6,6,6,6,6,6,6,6,6,6,6,6,6,6,6,6,6,6,6,6,6,6,6,6,6,6,6,6,6,5,"2005-01-01"
"Q","U","N",0,"A",0,"A05",0,"A00","A0","A0","E0",0,0,2005,2,109252047,111937762,94456672,135324875,95319740,26072827,22272654,3800196,23387126,17481090,14795375,10025006,0.158,0.134,0.091,9249391,8023969,10112488,10074747,0.102,7456084,4770355,2685732,3894797,4757856,-863068,3378,3077,2232,2223,2096,NA,6,6,6,6,6,6,6,6,6,6,6,6,6,6,6,6,6,6,6,6,6,6,6,6,6,6,6,6,6,6,6,5,"2005-04-01"
"Q","U","N",0,"A",0,"A05",0,"A00","A0","A0","E0",0,0,2005,3,111940651,111595117,95007501,138428612,94460987,26487963,23668311,2819676,26833495,16587616,16933150,11078488,0.148,0.152,0.099,10622246,8950816,10075724,9951001,0.108,5509127,5854667,-345529,4691590,4145071,546506,3517,3153,2206,2183,2330,NA,6,6,6,6,6,6,6,6,6,6,6,6,6,6,6,6,6,6,6,6,6,6,6,6,6,6,6,6,6,6,6,5,"2005-07-01"
"Q","U","N",0,"A",0,"A05",0,"A00","A0","A0","E0",0,0,2005,4,111580352,110739552,95975287,135762501,95002315,24182164,20862609,3319562,25022956,14764265,15605065,9269455,0.133,0.14,0.083,10922261,9858234,9949314,9081993,0.104,5494810,6335598,-840788,5181903,4208930,972988,3738,3400,2207,2158,2373,NA,6,6,6,6,6,6,6,6,6,6,6,6,6,6,6,6,6,6,6,6,6,6,6,6,6,6,6,6,6,6,6,5,"2005-10-01"
"Q","U","N",0,"A",0,"A05",0,"A00","A0","A0","E0",0,0,2006,1,110705465,111493206,96692654,132789489,95947441,22083998,19349159,2734836,21296290,14800551,14012811,9053971,0.133,0.126,0.081,9823751,8575756,9078543,10412562,0.105,5746580,4958850,787727,4358776,3613557,745195,3788,3472,2098,2076,2335,NA,6,6,6,6,6,6,6,6,6,6,6,6,6,6,6,6,6,6,6,6,6,6,6,6,6,6,6,6,6,6,6,5,"2006-01-01"
"Q","U","N",0,"A",0,"A05",0,"A00","A0","A0","E0",0,0,2006,2,111508289,114012634,96076799,138391324,96703990,26883013,23104065,3778971,24378683,17935835,15431490,10498380,0.159,0.137,0.093,9787552,8597341,10414769,10018779,0.103,7437455,4933061,2504359,4094074,4721295,-627218,3541,3219,2328,2326,2200,NA,6,6,6,6,6,6,6,6,6,6,6,6,6,6,6,6,6,6,6,6,6,6,6,6,6,6,6,6,6,6,6,5,"2006-04-01"
"Q","U","N",0,"A",0,"A05",0,"A00","A0","A0","E0",0,0,2006,3,114020796,113382116,96996135,140018392,96082887,25997626,23165707,2831925,26636292,16385982,17024661,11058177,0.144,0.15,0.097,10933121,9298125,10019859,10184933,0.109,5327805,5966476,-638643,4898776,3985521,913278,3540,3180,2215,2197,2349,NA,6,6,6,6,6,6,6,6,6,6,6,6,6,6,6,6,6,6,6,6,6,6,6,6,6,6,6,6,6,6,6,5,"2006-07-01"
"Q","U","N",0,"A",0,"A05",0,"A00","A0","A0","E0",0,0,2006,4,113371764,112447749,97619694,137592278,96987559,24220530,20870067,3350441,25144526,14828055,15752070,9279825,0.131,0.14,0.082,10815619,9726124,10183472,9134489,0.102,5548230,6472254,-924002,5016586,4384446,632130,3897,3547,2301,2256,2483,NA,6,6,6,6,6,6,6,6,6,6,6,6,6,6,6,6,6,6,6,6,6,6,6,6,6,6,6,6,6,6,6,5,"2006-10-01"
"Q","U","N",0,"A",0,"A05",0,"A00","A0","A0","E0",0,0,2007,1,112421565,112939132,98368392,134071175,97599116,21649610,18951581,2698021,21132013,14570740,14053172,8925667,0.129,0.125,0.079,9900838,8594407,9131553,10485475,0.104,5645072,5127474,517584,4477666,3708365,769295,3953,3631,2140,2148,2432,NA,6,6,6,6,6,6,6,6,6,6,6,6,6,6,6,6,6,6,6,6,6,6,6,6,6,6,6,6,6,6,6,5,"2007-01-01"
"Q","U","N",0,"A",0,"A05",0,"A00","A0","A0","E0",0,0,2007,2,112962146,115321021,97532683,139802598,98386704,26840453,22971747,3868697,24481570,17788338,15429463,10381504,0.156,0.135,0.091,9634490,8432185,10488485,10051218,0.101,7406835,5047945,2358897,3996642,4850652,-854002,3683,3353,2423,2433,2311,NA,6,6,6,6,6,6,6,6,6,6,6,6,6,6,6,6,6,6,6,6,6,6,6,6,6,6,6,6,6,6,6,5,"2007-04-01"
"Q","U","N",0,"A",0,"A05",0,"A00","A0","A0","E0",0,0,2007,3,115330497,114427855,98374374,140792511,97539975,25462014,22713774,2748239,26364678,16053481,16956123,10855444,0.14,0.148,0.094,10886779,9244345,10052402,10334133,0.108,5198037,6100700,-902654,4891384,4056997,834376,3673,3310,2284,2276,2457,NA,6,6,6,6,6,6,6,6,6,6,6,6,6,6,6,6,6,6,6,6,6,6,6,6,6,6,6,6,6,6,6,5,"2007-07-01"
"Q","U","N",0,"A",0,"A05",0,"A00","A0","A0","E0",0,0,2007,4,114416346,113226169,98614916,138104003,98364798,23687667,20322732,3364918,24877846,14611253,15801430,9087760,0.128,0.139,0.08,10582973,9549827,10332861,9086533,0.1,5523493,6713689,-1190185,4862808,4612698,250126,4029,3671,2372,2349,2614,NA,6,6,6,6,6,6,6,6,6,6,6,6,6,6,6,6,6,6,6,6,6,6,6,6,6,6,6,6,6,6,6,5,"2007-10-01"
"Q","U","N",0,"A",0,"A05",0,"A00","A0","A0","E0",0,0,2008,1,113209920,112938571,99269377,133304653,98601824,20094753,17458779,2635975,20366129,13669194,13940543,8442807,0.121,0.123,0.075,9752340,8471876,9084751,10109203,0.1,5226387,5497747,-271366,4451057,3783512,667539,4022,3699,2193,2201,2474,NA,6,6,6,6,6,6,6,6,6,6,6,6,6,6,6,6,6,6,6,6,6,6,6,6,6,6,6,6,6,6,6,5,"2008-01-01"
"Q","U","N",0,"A",0,"A05",0,"A00","A0","A0","E0",0,0,2008,2,112965238,114536283,98378589,136819370,99291322,23854141,20209479,3644668,22283100,16157694,14586649,9346025,0.142,0.128,0.082,9199587,8002871,10112326,9787661,0.096,6811669,5240619,1571060,3881613,4794326,-912755,3732,3417,2485,2506,2334,NA,6,6,6,6,6,6,6,6,6,6,6,6,6,6,6,6,6,6,6,6,6,6,6,6,6,6,6,6,6,6,6,5,"2008-04-01"
"Q","U","N",0,"A",0,"A05",0,"A00","A0","A0","E0",0,0,2008,3,114553895,112847225,98470631,137181267,98393177,22627350,19928582,2698791,24334015,14376594,16083263,9713680,0.126,0.141,0.085,9867091,8300879,9789622,10542250,0.104,4662914,6369558,-1706664,4388831,4311377,77445,3744,3396,2353,2351,2501,NA,6,6,6,6,6,6,6,6,6,6,6,6,6,6,6,6,6,6,6,6,6,6,6,6,6,6,6,6,6,6,6,5,"2008-07-01"
"Q","U","N",0,"A",0,"A05",0,"A00","A0","A0","E0",0,0,2008,4,112841115,109464116,97427633,132345104,98465947,19503982,16313779,3190180,22880985,12036483,15413482,7450693,0.108,0.139,0.067,9503602,8504770,10541927,8691483,0.093,4585790,7962813,-3377018,4336744,5375021,-1038302,4065,3727,2422,2394,2735,NA,6,6,6,6,6,6,6,6,6,6,6,6,6,6,6,6,6,6,6,6,6,6,6,6,6,6,6,6,6,6,6,5,"2008-10-01"
"Q","U","N",0,"A",0,"A05",0,"A00","A0","A0","E0",0,0,2009,1,109442725,107026174,96987700,124007279,97410044,14564553,12308848,2255722,16981078,10038474,12455025,6038340,0.093,0.115,0.056,8266902,7045493,8689238,8921780,0.089,4000135,6416651,-2416542,3950775,4373093,-422324,3823,3560,2185,2196,2523,NA,6,6,6,6,6,6,6,6,6,6,6,6,6,6,6,6,6,6,6,6,6,6,6,6,6,6,6,6,6,6,6,5,"2009-01-01"
"Q","U","N",0,"A",0,"A05",0,"A00","A0","A0","E0",0,0,2009,2,107053552,107675460,95053793,125137935,97011299,18084397,14538262,3546109,17462484,12621668,11999759,6670099,0.118,0.112,0.062,6967425,5963628,8924920,8290709,0.08,5951568,5329656,621916,3095829,5053307,-1957479,3647,3398,2410,2464,2373,NA,6,6,6,6,6,6,6,6,6,6,6,6,6,6,6,6,6,6,6,6,6,6,6,6,6,6,6,6,6,6,6,5,"2009-04-01"
"Q","U","N",0,"A",0,"A05",0,"A00","A0","A0","E0",0,0,2009,3,107695221,106320675,94876907,125251364,95070602,17556133,14974330,2581842,18930703,11443768,12818314,7196059,0.107,0.12,0.067,8098929,6472599,8292608,8800042,0.089,4247710,5622264,-1374567,3878675,4072354,-193702,3671,3385,2248,2220,2484,NA,6,6,6,6,6,6,6,6,6,6,6,6,6,6,6,6,6,6,6,6,6,6,6,6,6,6,6,6,6,6,6,5,"2009-07-01"
"Q","U","N",0,"A",0,"A05",0,"A00","A0","A0","E0",0,0,2009,4,106309360,104580981,93889628,123405737,94867100,17096349,14090874,3005480,18824752,10691353,12419732,6240119,0.101,0.118,0.059,7821955,6810027,8799428,6989354,0.079,4451235,6179626,-1728405,3647930,4625411,-977453,4134,3834,2389,2369,2689,NA,6,6,6,6,6,6,6,6,6,6,6,6,6,6,6,6,6,6,6,6,6,6,6,6,6,6,6,6,6,6,6,5,"2009-10-01"
"Q","U","N",0,"A",0,"A05",0,"A00","A0","A0","E0",0,0,2010,1,104587250,104752323,94595411,118779258,93896244,14192026,12045667,2146347,14026917,10156912,9991839,5694528,0.097,0.095,0.054,7688708,6465093,6989550,8374607,0.085,4462383,4297312,165097,3829815,3130653,699187,3853,3617,2091,2100,2362,NA,6,6,6,6,6,6,6,6,6,6,6,6,6,6,6,6,6,6,6,6,6,6,6,6,6,6,6,6,6,6,6,5,"2010-01-01"
"Q","U","N",0,"A",0,"A05",0,"A00","A0","A0","E0",0,0,2010,2,104774273,107364997,93386323,124420443,94610074,19646165,16183287,3462887,17055458,13978674,11387950,7257029,0.132,0.107,0.068,7145531,6130196,8368924,8063073,0.081,6721645,4130921,2590727,3189012,4412416,-1224401,3792,3528,2540,2571,2376,NA,6,6,6,6,6,6,6,6,6,6,6,6,6,6,6,6,6,6,6,6,6,6,6,6,6,6,6,6,6,6,6,5,"2010-04-01"
"Q","U","N",0,"A",0,"A05",0,"A00","A0","A0","E0",0,0,2010,3,107376623,107257925,94464429,126608697,93392603,19232075,16485194,2746865,19350762,12793496,12912194,8011160,0.119,0.12,0.075,9118687,7526215,8046874,8786414,0.095,4782336,4901039,-118693,4443779,3371940,1071836,3860,3547,2394,2298,2553,NA,6,6,6,6,6,6,6,6,6,6,6,6,6,6,6,6,6,6,6,6,6,6,6,6,6,6,6,6,6,6,6,5,"2010-07-01"
"Q","U","N",0,"A",0,"A05",0,"A00","A0","A0","E0",0,0,2010,4,107258017,106146264,94516474,125456256,94464434,18198236,15086408,3111793,19309991,11629790,12741543,6885927,0.109,0.119,0.065,8838420,7952925,8786348,7285074,0.085,4743863,5855624,-1111768,4204488,4152429,52069,4314,3992,2559,2456,2872,NA,6,6,6,6,6,6,6,6,6,6,6,6,6,6,6,6,6,6,6,6,6,6,6,6,6,6,6,6,6,6,6,5,"2010-10-01"
"Q","U","N",0,"A",0,"A05",0,"A00","A0","A0","E0",0,0,2011,1,106146285,106534001,95588012,121387139,94515854,15240863,13192363,2048480,14853141,10945989,10558273,6290554,0.103,0.099,0.059,8356594,7285957,7284453,8619020,0.089,4655435,4267718,387715,4085426,3013283,1072139,4124,3857,2217,2169,2519,NA,6,6,6,6,6,6,6,6,6,6,6,6,6,6,6,6,6,6,6,6,6,6,6,6,6,6,6,6,6,6,6,5,"2011-01-01"
"Q","U","N",0,"A",0,"A05",0,"A00","A0","A0","E0",0,0,2011,2,106534010,109284663,94703879,126903295,95587669,20369277,16991089,3378187,17618604,14580784,11830131,7747316,0.135,0.11,0.072,7734859,6802682,8618690,8501843,0.086,6833468,4082803,2750658,3335018,4218844,-883786,3924,3644,2600,2642,2451,NA,6,6,6,6,6,6,6,6,6,6,6,6,6,6,6,6,6,6,6,6,6,6,6,6,6,6,6,6,6,6,6,5,"2011-04-01"
"Q","U","N",0,"A",0,"A05",0,"A00","A0","A0","E0",0,0,2011,3,109284677,109274952,95629486,129698578,94703876,20413919,18018821,2395108,20423647,13645466,13655191,8681315,0.125,0.125,0.079,9427443,7867861,8501830,8615037,0.094,4964151,4973873,-9713,4405676,3480096,925595,4067,3723,2547,2555,2693,NA,6,6,6,6,6,6,6,6,6,6,6,6,6,6,6,6,6,6,6,6,6,6,6,6,6,6,6,6,6,6,6,5,"2011-07-01"
"Q","U","N",0,"A",0,"A05",0,"A00","A0","A0","E0",0,0,2011,4,109274969,108429779,96546780,127683832,95629468,18408849,15606880,2801952,19254031,11882999,12728189,7021874,0.109,0.117,0.065,9532325,8617711,8615052,7745631,0.089,4861125,5706328,-845188,4741762,3824462,917281,4232,3924,2582,2530,2724,NA,6,6,6,6,6,6,6,6,6,6,6,6,6,6,6,6,6,6,6,6,6,6,6,6,6,6,6,6,6,6,6,5,"2011-10-01"
"Q","U","N",0,"A",0,"A05",0,"A00","A0","A0","E0",0,0,2012,1,108429816,109123065,97199767,125049489,96546766,16619682,14478198,2141468,15926428,11923298,11230049,6916503,0.11,0.103,0.064,8398616,7306101,7745632,8932538,0.089,5006795,4313533,693258,3866144,3213146,653007,4347,4053,2378,2390,2643,NA,6,6,6,6,6,6,6,6,6,6,6,6,6,6,6,6,6,6,6,6,6,6,6,6,6,6,6,6,6,6,6,5,"2012-01-01"
"Q","U","N",0,"A",0,"A05",0,"A00","A0","A0","E0",0,0,2012,2,109123076,111833390,96653119,130424447,97199768,21301379,17995873,3305522,18591063,15180271,12469957,8243528,0.137,0.113,0.075,8385884,7435139,8932558,8577196,0.088,6936743,4226407,2710318,3670584,4217240,-546665,4011,3712,2649,2690,2491,NA,6,6,6,6,6,6,6,6,6,6,6,6,6,6,6,6,6,6,6,6,6,6,6,6,6,6,6,6,6,6,6,5,"2012-04-01"
"Q","U","N",0,"A",0,"A05",0,"A00","A0","A0","E0",0,0,2012,3,111833394,111589372,97851005,132216290,96653110,20382895,18056801,2326088,20626892,13738367,13982389,8864773,0.123,0.125,0.079,9775086,8316854,8577213,9035656,0.096,4873593,5117615,-244026,4607593,3409714,1197865,4022,3680,2492,2485,2661,NA,6,6,6,6,6,6,6,6,6,6,6,6,6,6,6,6,6,6,6,6,6,6,6,6,6,6,6,6,6,6,6,5,"2012-07-01"
"Q","U","N",0,"A",0,"A05",0,"A00","A0","A0","E0",0,0,2012,4,111589372,110745609,98398518,130723466,97850992,19134089,16308003,2826091,19977878,12347091,13190854,7402163,0.111,0.119,0.067,9583181,8686914,9035663,7950178,0.089,4944928,5788681,-843768,4579798,4032284,547517,4479,4145,2607,2577,3054,NA,6,6,6,6,6,6,6,6,6,6,6,6,6,6,6,6,6,6,6,6,6,6,6,6,6,6,6,6,6,6,6,5,"2012-10-01"
"Q","U","N",0,"A",0,"A05",0,"A00","A0","A0","E0",0,0,2013,1,110745587,111272811,99098724,127660605,98398467,16915033,14747368,2167660,16387800,12174087,11646863,7176567,0.11,0.105,0.065,8650417,7594581,7950179,9228749,0.09,4997520,4470263,527217,3943122,3242883,700260,4381,4076,2376,2397,2655,NA,6,6,6,6,6,6,6,6,6,6,6,6,6,6,6,6,6,6,6,6,6,6,6,6,6,6,6,6,6,6,6,5,"2013-01-01"
"Q","U","N",0,"A",0,"A05",0,"A00","A0","A0","E0",0,0,2013,2,111272898,114121368,98378743,133271397,99098783,21998500,18622741,3375774,19150047,15742625,12894155,8681853,0.14,0.114,0.077,8508669,7559987,9228745,9008664,0.089,7060772,4212301,2848450,3628397,4348465,-720069,4100,3789,2703,2749,2542,NA,6,6,6,6,6,6,6,6,6,6,6,6,6,6,6,6,6,6,6,6,6,6,6,6,6,6,6,6,6,6,6,5,"2013-04-01"
"Q","U","N",0,"A",0,"A05",0,"A00","A0","A0","E0",0,0,2013,3,114121331,113926511,99436077,135600646,98378727,21479290,19146485,2332819,21674148,14490434,14685254,9519262,0.127,0.129,0.083,10066006,8572526,9008658,9374443,0.098,4971172,5166061,-194845,4591669,3534353,1057343,4111,3751,2515,2517,2691,NA,6,6,6,6,6,6,6,6,6,6,6,6,6,6,6,6,6,6,6,6,6,6,6,6,6,6,6,6,6,6,6,5,"2013-07-01"
"Q","U","N",0,"A",0,"A05",0,"A00","A0","A0","E0",0,0,2013,4,113926498,113347175,100109258,134267800,99436066,20341294,17547839,2793469,20920640,13237917,13817240,8029678,0.116,0.122,0.071,10047626,9185653,9374421,8182039,0.091,5208239,5787587,-579333,4708643,4035439,673199,4480,4132,2695,2587,2874,NA,6,6,6,6,6,6,6,6,6,6,6,6,6,6,6,6,6,6,6,6,6,6,6,6,6,6,6,6,6,6,6,5,"2013-10-01"
"Q","U","N",0,"A",0,"A05",0,"A00","A0","A0","E0",0,0,2014,1,113347172,113722606,101133193,130881405,100109254,17534244,15396667,2137575,17158811,12589413,12213979,7605138,0.111,0.108,0.067,9205967,8144667,8182018,9717532,0.094,4984275,4608832,375438,4171252,3147322,1023945,4547,4221,2396,2420,2750,NA,6,6,6,6,6,6,6,6,6,6,6,6,6,6,6,6,6,6,6,6,6,6,6,6,6,6,6,6,6,6,6,5,"2014-01-01"
"Q","U","N",0,"A",0,"A05",0,"A00","A0","A0","E0",0,0,2014,2,113722662,116780784,100147850,137015141,101133199,23292474,19877022,3415453,20234342,16632934,13574812,9334780,0.144,0.118,0.081,8732205,7806697,9717560,9376606,0.09,7298154,4240043,3058112,3564200,4549563,-985366,4203,3872,2744,2792,2609,NA,6,6,6,6,6,6,6,6,6,6,6,6,6,6,6,6,6,6,6,6,6,6,6,6,6,6,6,6,6,6,6,5,"2014-04-01"
"Q","U","N",0,"A",0,"A05",0,"A00","A0","A0","E0",0,0,2014,3,116780846,116708249,101432204,139421784,100147885,22640942,20277246,2363694,22713524,15276045,15348642,10145382,0.131,0.131,0.087,10660933,9144426,9376625,9834721,0.101,5130663,5203236,-72581,4814378,3530057,1284308,4232,3851,2613,2611,2764,NA,6,6,6,6,6,6,6,6,6,6,6,6,6,6,6,6,6,6,6,6,6,6,6,6,6,6,6,6,6,6,6,5,"2014-07-01"
"Q","U","N",0,"A",0,"A05",0,"A00","A0","A0","E0",0,0,2014,4,116708283,116277492,102117823,138331301,101432182,21622997,18828136,2794881,22053798,14159669,14590460,8784261,0.122,0.125,0.075,10520372,9670334,9834743,8558433,0.093,5375408,5806190,-430785,4762313,4076661,685616,4655,4276,2737,2729,2968,NA,6,6,6,6,6,6,6,6,6,6,6,6,6,6,6,6,6,6,6,6,6,6,6,6,6,6,6,6,6,6,6,5,"2014-10-01"
"Q","U","N",0,"A",0,"A05",0,"A00","A0","A0","E0",0,0,2015,1,116277543,116552808,103376588,134635652,102117880,18358106,16206332,2151770,18082848,13176220,12900955,8125679,0.113,0.111,0.07,9817159,8800419,8558430,10202958,0.097,5050541,4775258,275270,4405121,3146421,1258739,4646,4302,2453,2497,2858,NA,6,6,6,6,6,6,6,6,6,6,6,6,6,6,6,6,6,6,6,6,6,6,6,6,6,6,6,6,6,6,6,5,"2015-01-01"
"Q","U","N",0,"A",0,"A05",0,"A00","A0","A0","E0",0,0,2015,2,116552819,119553368,102256340,140840311,103376603,24287470,20827419,3460077,21286959,17297028,14296479,9871158,0.147,0.121,0.084,9082700,8184311,10202949,9830167,0.092,7425870,4425316,3000549,3607845,4728111,-1120255,4328,3982,2811,2865,2715,NA,6,6,6,6,6,6,6,6,6,6,6,6,6,6,6,6,6,6,6,6,6,6,6,6,6,6,6,6,6,6,6,5,"2015-04-01"
"Q","U","N",0,"A",0,"A05",0,"A00","A0","A0","E0",0,0,2015,3,119549820,119380095,103475449,143306869,102253536,23757052,21326448,2430588,23926785,15904646,16074371,10667268,0.133,0.135,0.089,11038256,9517280,9815220,10369252,0.103,5237379,5407100,-169733,4883815,3660775,1221916,4343,3945,2680,2690,2846,NA,6,6,6,6,6,6,6,6,6,6,6,6,6,6,6,6,6,6,6,6,6,6,6,6,6,6,6,6,6,6,6,5,"2015-07-01"
"Q","U","N",0,"A",0,"A05",0,"A00","A0","A0","E0",0,0,2015,4,119379855,118661084,103948736,142336334,103476261,22956489,20031002,2925478,23675242,14712347,15431118,9367610,0.124,0.13,0.079,10842780,9979927,10369283,8723668,0.094,5344737,6063484,-718747,4764499,4290983,473568,4887,4470,2892,2890,3130,NA,6,6,6,6,6,6,6,6,6,6,6,6,6,6,6,6,6,6,6,6,6,6,6,6,6,6,6,6,6,6,6,5,"2015-10-01"
"Q","U","N",0,"A",0,"A05",0,"A00","A0","A0","E0",0,0,2016,1,118662247,119071324,105518046,137710910,103950540,19048680,16870263,2178416,18639595,13553278,13144201,8397459,0.114,0.111,0.071,10292700,9243056,8724081,10350528,0.098,5155819,4746740,409092,4720932,3152332,1568653,4629,4290,2487,2512,2838,NA,6,6,6,6,6,6,6,6,6,6,6,6,6,6,6,6,6,6,6,6,6,6,6,6,6,6,6,6,6,6,6,5,"2016-01-01"
"Q","U","N",0,"A",0,"A05",0,"A00","A0","A0","E0",0,0,2016,2,119078730,121847684,104489494,143670948,105530780,24592213,21114095,3478097,21823264,17358190,14589236,10114361,0.144,0.121,0.084,9332589,8413241,10372700,10261755,0.094,7243828,4474905,2768928,3676489,4716601,-1040230,4422,4067,2862,2919,2752,NA,6,6,6,6,6,6,6,6,6,6,6,6,6,6,6,6,6,6,6,6,6,6,6,6,6,6,6,6,6,6,6,5,"2016-04-01"
"Q","U","N",0,"A",0,"A05",0,"A00","A0","A0","E0",0,0,2016,3,121858303,121475766,105050180,146682463,104499661,24824145,22311445,2512711,25206678,16425586,16808123,11182524,0.135,0.138,0.092,10814258,9349600,10262683,10128175,0.1,5243062,5625598,-382543,4547734,3996154,551546,4601,4165,2832,2852,3027,NA,6,6,6,6,6,6,6,6,6,6,6,6,6,6,6,6,6,6,6,6,6,6,6,6,6,6,6,6,6,6,6,5,"2016-07-01"
"Q","U","N",0,"A",0,"A05",0,"A00","A0","A0","E0",0,0,2016,4,121444578,120395272,106100668,144186114,105024329,22741539,19824812,2916733,23790861,14294605,15343910,9176059,0.118,0.127,0.076,11202904,10297632,10125508,9166413,0.096,5118546,6167863,-1049325,5179586,4102211,1077450,4777,4384,2813,2808,3065,NA,6,6,6,6,6,6,6,6,6,6,6,6,6,6,6,6,6,6,6,6,6,6,6,6,6,6,6,6,6,6,6,5,"2016-10-01"
"Q","U","N",0,"A",0,"A05",0,"A00","A0","A0","E0",0,0,2017,1,120394217,120886164,106682187,140544646,106101232,20150430,17874351,2276108,19658491,14203977,13712030,8882123,0.118,0.114,0.074,9748233,8743216,9166179,10577027,0.095,5321854,4829894,491927,4083881,3501845,582099,4955,4581,2635,2677,3020,NA,6,6,6,6,6,6,6,6,6,6,6,6,6,6,6,6,6,6,6,6,6,6,6,6,6,6,6,6,6,6,6,5,"2017-01-01"
"Q","U","N",0,"A",0,"A05",0,"A00","A0","A0","E0",0,0,2017,2,120907139,123703031,105845688,146227917,106679783,25320771,21801706,3519053,22524903,17857343,15061450,10457409,0.146,0.123,0.086,9741567,8782820,10575660,10092802,0.094,7399934,4604067,2795888,3903544,4737654,-834074,4558,4183,2973,3029,2823,NA,6,6,6,6,6,6,6,6,6,6,6,6,6,6,6,6,6,6,6,6,6,6,6,6,6,6,6,6,6,6,6,5,"2017-04-01"
"Q","U","N",0,"A",0,"A05",0,"A00","A0","A0","E0",0,0,2017,3,123716433,123205659,106998901,148022821,105856973,24306372,21840228,2466162,24817150,16206758,16717532,11029841,0.131,0.135,0.089,11235809,9727072,10093893,10431277,0.101,5176917,5687699,-510769,4901702,3759772,1141938,4556,4132,2823,2836,2963,NA,6,6,6,6,6,6,6,6,6,6,6,6,6,6,6,6,6,6,6,6,6,6,6,6,6,6,6,6,6,6,6,5,"2017-07-01"
"Q","U","N",0,"A",0,"A05",0,"A00","A0","A0","E0",0,0,2017,4,123174309,122536041,107614980,146523995,106971882,23349654,20349576,3000066,23987955,14921061,15559329,9569069,0.121,0.127,0.078,11071573,10153630,10428498,9406605,0.095,5351992,5990305,-638283,4895983,4252897,643083,4978,4563,2932,2938,3206,NA,6,6,6,6,6,6,6,6,6,6,6,6,6,6,6,6,6,6,6,6,6,6,6,6,6,6,6,6,6,6,6,5,"2017-10-01"
"Q","U","N",0,"A",0,"A05",0,"A00","A0","A0","E0",0,0,2018,1,122534736,122906957,108400895,143150927,107613982,20616204,18269702,2346506,20243967,14506062,14133841,9234221,0.118,0.115,0.075,10193353,9119961,9406437,10801374,0.097,5271842,4899596,372228,4299952,3513038,786922,5153,4763,2731,2784,3175,NA,6,6,6,6,6,6,6,6,6,6,6,6,6,6,6,6,6,6,6,6,6,6,6,6,6,6,6,6,6,6,6,5,"2018-01-01"
"Q","U","N",0,"A",0,"A05",0,"A00","A0","A0","E0",0,0,2018,2,122921269,125848820,107501235,148988761,108413372,26067466,22472516,3594933,23139937,18347585,15420034,10813129,0.148,0.124,0.087,9890596,8926247,10802751,10451438,0.095,7534456,4606938,2927538,3861909,4774054,-912149,4721,4328,3101,3164,3034,NA,6,6,6,6,6,6,6,6,6,6,6,6,6,6,6,6,6,6,6,6,6,6,6,6,6,6,6,6,6,6,6,5,"2018-04-01"
"Q","U","N",0,"A",0,"A05",0,"A00","A0","A0","E0",0,0,2018,3,125861747,125383414,108604181,150987730,107512001,25125998,22585452,2540530,25604301,16779234,17257566,11438929,0.134,0.137,0.091,11544730,10006590,10452538,10671358,0.102,5340304,5818619,-478331,5014689,3922495,1092173,4703,4270,2953,2987,3076,NA,6,6,6,6,6,6,6,6,6,6,6,6,6,6,6,6,6,6,6,6,6,6,6,6,6,6,6,6,6,6,6,5,"2018-07-01"
"Q","U","N",0,"A",0,"A05",0,"A00","A0","A0","E0",0,0,2018,4,125355178,124614185,109298493,149251098,108579861,23895923,20818931,3076994,24636917,15315692,16056685,9857033,0.123,0.128,0.079,11387525,10464429,10668902,9428349,0.095,5458658,6199648,-740977,5034848,4316225,718612,5105,4677,3103,3108,3333,NA,6,6,6,6,6,6,6,6,6,6,6,6,6,6,6,6,6,6,6,6,6,6,6,6,6,6,6,6,6,6,6,5,"2018-10-01"
"Q","U","N",0,"A",0,"A05",0,"A00","A0","A0","E0",0,0,2019,1,124613648,124717353,110370049,145034059,109298120,20420414,18079075,2341339,20316680,14347304,14243599,9173962,0.115,0.114,0.074,10500061,9409754,9428131,11052163,0.098,5173342,5069626,103715,4523973,3452015,1071950,5285,4883,2962,2960,3239,NA,6,6,6,6,6,6,6,6,6,6,6,6,6,6,6,6,6,6,6,6,6,6,6,6,6,6,6,6,6,6,6,5,"2019-01-01"
"Q","U","N",0,"A",0,"A05",0,"A00","A0","A0","E0",0,0,2019,2,124733302,127654348,109169231,150955404,110383928,26222104,22542632,3679460,23301058,18485117,15564071,10856298,0.146,0.123,0.086,9839043,8867785,11053742,10518322,0.093,7628818,4707795,2921040,3756989,4971700,-1214720,4882,4481,3254,3323,3083,NA,6,6,6,6,6,6,6,6,6,6,6,6,6,6,6,6,6,6,6,6,6,6,6,6,6,6,6,6,6,6,6,5,"2019-04-01"
"Q","U","N",0,"A",0,"A05",0,"A00","A0","A0","E0",0,0,2019,3,127669588,127065247,110315088,152848515,109182084,25178909,22620110,2558806,25783259,16750160,17354501,11503544,0.132,0.136,0.09,11652577,10054968,10519581,10874361,0.102,5246616,5850959,-604337,5067609,3934635,1132986,4868,4417,3139,3129,3214,NA,6,6,6,6,6,6,6,6,6,6,6,6,6,6,6,6,6,6,6,6,6,6,6,6,6,6,6,6,6,6,6,5,"2019-07-01"
"Q","U","N",0,"A",0,"A05",0,"A00","A0","A0","E0",0,0,2019,4,127034420,126238377,110829238,150974220,110288453,23939821,20871491,3068330,24735852,15409139,16205182,9865313,0.122,0.128,0.078,11412433,10487765,10871667,14596880,0.117,5543826,6339828,-796022,5015293,4474501,540810,5306,4861,3235,3242,3117,NA,6,6,6,6,6,6,6,6,6,6,6,6,6,6,6,6,6,6,6,6,6,6,6,6,6,6,6,6,6,6,6,5,"2019-10-01"
"Q","U","N",0,"A",0,"A05",0,"A00","A0","A0","E0",0,0,2020,1,126237899,118169149,105667198,146424665,110828979,20186791,17836487,2350287,28255534,12501952,20570702,8661936,0.102,0.168,0.071,9434780,8539903,14596598,10886535,0.096,3840016,11908774,-8068737,3478041,8639834,-5161807,5676,5033,3210,3238,3179,NA,6,6,6,6,6,6,6,6,6,6,6,6,6,6,6,6,6,6,6,6,6,6,6,6,6,6,6,6,6,6,6,5,"2020-01-01"
"Q","U","N",0,"A",0,"A05",0,"A00","A0","A0","E0",0,0,2020,2,118178536,116092120,103712695,136099337,105675362,17920814,15202918,2717904,20007224,12379424,14465841,6604696,0.106,0.123,0.056,8925135,8103907,10887770,9894998,0.091,5774728,7861125,-2086389,3865924,5828549,-1962645,4928,4517,3242,3306,2924,NA,6,6,6,6,6,6,6,6,6,6,6,6,6,6,6,6,6,6,6,6,6,6,6,6,6,6,6,6,6,6,6,5,"2020-04-01"
"Q","U","N",0,"A",0,"A05",0,"A00","A0","A0","E0",0,0,2020,3,116095185,118393563,101695228,140422776,103707128,24327577,19721495,4606105,22029204,16698335,14399956,9386267,0.142,0.123,0.08,7876278,6622992,9888183,9660956,0.086,7312067,5013700,2298377,3622194,5634108,-2011897,5242,4807,3367,3388,3459,NA,6,6,6,6,6,6,6,6,6,6,6,6,6,6,6,6,6,6,6,6,6,6,6,6,6,6,6,6,6,6,6,5,"2020-07-01"
"Q","U","N",0,"A",0,"A05",0,"A00","A0","A0","E0",0,0,2020,4,118366123,119122893,103593576,142594515,101655500,24228405,20211170,4017257,23471637,15529317,14772547,9127923,0.131,0.124,0.077,11581841,9252209,9643740,8320743,0.096,6401394,5644613,756753,6074519,4136433,1938092,6052,5565,3329,3482,4090,NA,6,6,6,6,6,6,6,6,6,6,6,6,6,6,6,6,6,6,6,6,6,6,6,6,6,6,6,6,6,6,6,5,"2020-10-01"
"Q","U","N",0,"A",0,"A05",0,"A00","A0","A0","E0",0,0,2021,1,119133377,119867968,106217335,138493842,103606945,19360443,16869491,2490948,18625903,13650632,12916042,8195093,0.114,0.108,0.069,10933068,9252487,8321401,11096114,0.104,5455540,4720964,734562,5454151,2842444,2610385,5737,5335,3117,3195,3610,NA,6,6,6,6,6,6,6,6,6,6,6,6,6,6,6,6,6,6,6,6,6,6,6,6,6,6,6,6,6,6,6,5,"2021-01-01"
"Q","U","N",0,"A",0,"A05",0,"A00","A0","A0","E0",0,0,2021,2,119878087,123647512,104306517,147023786,106227163,27145679,23379606,3766092,23376278,19340995,15571570,10905947,0.159,0.128,0.09,9177437,8049525,11096701,10943896,0.096,8435049,4665644,3769397,3630312,5549575,-1919332,5595,5124,3771,3881,3563,NA,6,6,6,6,6,6,6,6,6,6,6,6,6,6,6,6,6,6,6,6,6,6,6,6,6,6,6,6,6,6,6,5,"2021-04-01"
"Q","U","N",0,"A",0,"A05",0,"A00","A0","A0","E0",0,0,2021,3,123660544,125100202,105911485,152078022,104318667,28417466,25863366,2554107,26977812,19188718,17749059,12348941,0.154,0.143,0.099,12539270,10645907,10944998,11176464,0.112,6839776,5400093,1439655,5778827,4184567,1594230,5664,5113,3540,3586,3823,NA,6,6,6,6,6,6,6,6,6,6,6,6,6,6,6,6,6,6,6,6,6,6,6,6,6,6,6,6,6,6,6,5,"2021-07-01"
"Q","U","N",0,"A",0,"A05",0,"A00","A0","A0","E0",0,0,2021,4,125075020,125426237,107533793,153063615,105873427,27988624,24946824,3041789,27637386,17892444,17541227,11332135,0.143,0.14,0.09,13176371,12098286,11516021,9727392,0.106,6560310,6209075,351219,6073878,4413515,1660355,6445,5858,3909,3920,4339,NA,6,6,6,6,6,6,6,6,6,6,6,6,6,6,6,6,6,6,6,6,6,6,6,6,6,6,6,6,6,6,6,5,"2021-10-01"
"Q","U","N",0,"A",0,"A05",0,"A00","A0","A0","E0",0,0,2022,1,125403927,126649358,110429120,148526077,107515455,23122132,20696893,2425216,21876693,16220238,14974807,10077028,0.129,0.119,0.08,12638955,11536468,9725302,11793191,0.111,6143211,4897748,1245440,6068789,3155172,2913674,6194,5705,3554,3588,4012,NA,6,6,6,6,6,6,6,6,6,6,6,6,6,6,6,6,6,6,6,6,6,6,6,6,6,6,6,6,6,6,6,5,"2022-01-01"
"Q","U","N",0,"A",0,"A05",0,"A00","A0","A0","E0",0,0,2022,2,126692323,130034541,109945061,155135618,110464947,28443266,24840029,3603241,25101029,20089480,16747262,11771767,0.157,0.13,0.092,11278268,10243933,11798137,11440554,0.103,8317713,4975459,3342241,4392366,4912254,-519855,5808,5310,4101,4168,3820,NA,6,6,6,6,6,6,6,6,6,6,6,6,6,6,6,6,6,6,6,6,6,6,6,6,6,6,6,6,6,6,6,5,"2022-04-01"
"Q","U","N",0,"A",0,"A05",0,"A00","A0","A0","E0",0,0,2022,3,130017281,130334200,111362785,158475104,109930737,28457844,25777110,2680716,28140913,18971415,18654497,12784971,0.146,0.143,0.098,12871094,11268223,11439045,11035283,0.107,6186444,5869541,316907,5617762,4185719,1432069,6013,5427,4128,4184,4084,NA,6,6,6,6,6,6,6,6,6,6,6,6,6,6,6,6,6,6,6,6,6,6,6,6,6,6,6,6,6,6,6,5,"2022-07-01"
"Q","U","N",0,"A",0,"A05",0,"A00","A0","A0","E0",0,0,2022,4,130310565,129385797,113467197,154907907,111341899,24597340,21558907,3038439,25522116,15918600,16843368,10365208,0.123,0.13,0.08,13158910,12142697,11033607,10075691,0.102,5553392,6478160,-924757,6342805,4217522,2125300,6236,5713,4014,4033,4118,NA,6,6,6,6,6,6,6,6,6,6,6,6,6,6,6,6,6,6,6,6,6,6,6,6,6,6,6,6,6,6,6,5,"2022-10-01"
"Q","U","N",0,"A",0,"A05",0,"A00","A0","A0","E0",0,0,2023,1,129370271,129967751,114480079,151335311,113454653,21965040,19518502,2446560,21367572,15487672,14890192,9724383,0.119,0.115,0.075,11099169,10014467,10073781,11037047,0.097,5763288,5165811,597488,4791353,3765983,1025406,6621,6117,3833,3866,4116,NA,6,6,6,6,6,6,6,6,6,6,6,6,6,6,6,6,6,6,6,6,6,6,6,6,6,6,6,6,6,6,6,5,"2023-01-01"
"Q","U","N",0,"A",0,"A05",0,"A00","A0","A0","E0",0,0,2023,2,130034616,132434681,113949162,155840319,114570138,25805732,22167176,3638525,23405628,18485519,16085454,10804316,0.141,0.123,0.082,10787454,9750568,11408444,10790566,0.095,7681203,5281133,2400060,4390390,5011371,-620970,5962,5495,4019,4088,3938,NA,6,6,6,6,6,6,6,6,6,6,6,6,6,6,6,6,6,6,6,6,6,6,6,6,6,6,6,6,6,6,6,5,"2023-04-01"
"Q","U","N",0,"A",0,"A05",0,"A00","A0","A0","E0",0,0,2023,3,132435462,131921596,115069046,156911336,113952070,24475841,21982310,2493534,24989730,16852550,17366416,11346194,0.127,0.131,0.086,11908013,10330663,10791014,NA,NA,5506356,6020256,-513902,5246167,4129173,1116970,5964,5438,3795,3848,NA,NA,6,6,6,6,6,6,6,6,6,6,6,6,6,6,6,6,6,6,-1,-1,6,6,6,6,6,6,6,6,6,6,-1,5,"2023-07-01"
"Q","U","N",0,"A",0,"A05",0,"A00","A0","A0","E0",0,0,2023,4,131903345,NA,NA,154456770,NA,22553396,19574343,2979054,NA,NA,NA,NA,NA,NA,NA,NA,NA,NA,NA,NA,NA,NA,NA,NA,NA,NA,NA,5942,NA,NA,NA,NA,6,-1,-1,6,-1,6,6,6,-1,-1,-1,-1,-1,-1,-1,-1,-1,-1,-1,-1,-1,-1,-1,-1,-1,-1,-1,6,-1,-1,-1,5,"2023-10-01"
